ABRAKONTE	Lasithi Crete
KOZANH	Kozani
Α. ΒΛΑΣΙΑ	Ano Vlasia Kalavrita
Α.ΒΛΑΣΙΑ	Ano Vlasia Kalavrita
Α.ΒΡΟΝΤΟΥ	Ano Vrontou Serres
Α.ΔΙΑΚΟΠΤΟΝ	Ano Diakopto Aigialeia
Α.Η.Σ.ΚΑΡΔΙΑΣ	502 00 Greece
Α.ΚΑΛΕΝΤΙΝΗ	Ano Kalentini Arta
Α.ΚΑΛΛΙΝΙΚΗ	Ano Kalliniki Florina
Α.ΚΑΛΛΙΝΙΚΗΣ	Ano Kalliniki Florina
Α.ΚΑΜΗΛΑ	Ano Kamila Serres
Α.ΚΑΣΤΡΙΤΣΙΟΝ	Ano Kastritsi Patra
Α.ΚΕΡΑΣΟΒΟ	Ano Kerasovo Agrinio
Α.ΚΛΕΙΝΑΙ	Ano Klines Florina
Α.ΚΛΕΙΝΕΣ	Ano Klines Florina
Α.ΚΛΕΙΝΩΝ	Ano Klines Florina
Α.ΚΩΜΗ	Ano Komi Kozani
Α.ΛΑΨΙΣΤΑ	Ano Lapsista Ioannina
Α.ΛΟΥΣΟΙ	Ano Lousi Kalavryta
Α.ΜΑΚΡΥΝΟΥ	
Α.ΟΡΕΝΗ	Ano Orini Serres
Α.ΠΕΔΙΝΑ	Ano Pedina Zagori
Α.ΠΟΡΟΙΑ	Ano Poroia Serres
Α.ΠΥΞΑΡΙΟΝ	Ano Pixari Paranesti
Α.ΡΑΒΕΝΙΑ	Ano Ravenia Ioannina
Α.ΣΟΥΔΕΝΕΙΚΑ	Ano Soudeneika Achaia
Α.ΥΔΡΟΥΣΣΑΣ	Ano Idroussa Florina
Α.ΧΡΥΣ/ΤΣΑ	
ΑΒΑΡΙΚΟ	Avarikos Etoloakarnania
ΑΒΑΤΟΝ	Avato Xanthi
ΑΒΓΟΝ	Avgo Xanthi
ΑΒΡΑΜΗΛΙΑ	Avramilia Kavala
ΑΓ  ΙΩΑΝΝΗΣ	Agios Ioannis Mouresi
ΑΓ  ΝΙΚΟΛΑΟΣ	Agios Nikolaos Lasithi
ΑΓ ΓΕΩΡΓΙΟΣ	Agios Georgios Kerkira
ΑΓ ΙΩΑΝΝΗΣ	Agios Ioannis Esperii
ΑΓ ΠΑΝΤΩΝ	Agion Panton Marathonas
ΑΓ ΤΡΙΑΔ ΑΗΣ ΑΘΕΡΙΝ.	
ΑΓ ΤΡΙΑΔΑ	Agia Triada Thessaloniki
ΑΓ. ΒΑΣΙΛΕΙΟΣ	Agios Vasileios Patra
ΑΓ. ΓΕΩΡΓΙΟΣ	Agios Georgios Kerkira
ΑΓ. ΕΛΕΥΘΕΡΙΟΣ	Agios Eleftherios Kefallonia
ΑΓ. ΘΕΟΔΩΡΟΙ	Agioi Theodoroi Corinthia
ΑΓ. Ι. ΠΡΑΤΣΙΚΑ	Agiou Ioanni Pratsika
ΑΓ. ΙΩΑΝΝΗΣ	Agios Ioannis Magnisia
ΑΓ. ΙΩΑΝΝΗΣ ΜΟΝ.	Agios Ioannis Monemvasia
ΑΓ. ΚΩΝ/ΝΟΣ	Agios Konstantinos Phthiotis
ΑΓ. ΚΩΝΣΤΑΝΤΙΝΟΣ	Agios Konstantinos Phthiotis
ΑΓ. ΝΙΚΟΛΑΟΣ	Agios Nikolaos Lasithi
ΑΓ. ΝΙΚΟΛΟΣ ΚΡΑΛΙ	Agios Nikolaos Olenia
ΑΓ. ΣΩΣΤΗΣ	Agios Sostis Messenia
ΑΓ. ΤΡΙΑΔΑ	Agia Triada Thessaloniki
ΑΓ. ΧΑΡΑΛΑΜΠΟΣ ΚΑΜ. ΒΟΥΡΛΩΝ	Agios Charalampos Molos
ΑΓ.ΑΘΑΝΑ	Agios Athanasios Edessa
ΑΓ.ΑΝΔΡΕΑ	Agios Andreas Arkadia
ΑΓ.ΑΝΔΡΙΑΝΟΣ	Agios Adrianos Argolida
ΑΓ.ΑΝΔΡΙΑΝΟΥ	Agios Adrianos Argolida
ΑΓ.ΑΝΝΑ	Agia Anna Naxos
ΑΓ.ΑΝΝΑ ΒΟΙΩΤΙΑ	Agia Anna Viotia
ΑΓ.ΑΝΝΑ ΕΥΒΟΙΑΣ	Agia Anna Euboea
ΑΓ.ΑΡΣΕΝΙΟΣ	Agios Arsenios Naxos
ΑΓ.ΑΧΙΛΕΙΟΣ	Agios Achillios Florina
ΑΓ.ΑΧΙΛΛΕΙΟΣ	Agios Achillios Florina
ΑΓ.ΒΑΡΘΟΛΟΜΑΙΟΣ	Agios Vartholomeos Florina
ΑΓ.ΒΑΣΙΛΕΙΟΣ	Agios Vasileios Thessaloniki
ΑΓ.ΒΑΣΙΛΕΙΟΣ ΚΟ	Agios Vasileios Koronia
ΑΓ.ΒΑΣΙΛΕΙΟΣ ΚΥ	Agios Vasileios Leonidio
ΑΓ.ΒΑΣΙΛΕΙΟΣ ΜΑ	
ΑΓ.ΒΑΣΙΛΕΙΟΣ ΠΑ	Agios Vasileios Patra
ΑΓ.ΒΑΣΙΛΕΙΟΣ ΠΕΔΙΑΔΟΣ	Agios Vasileios Iraklio
ΑΓ.ΒΑΣΙΛΕΙΟΣ ΡΕ	Agios Vasileios Rethimno
ΑΓ.ΒΗΣΣΑΡΙΟΣ	Agios Vissarios Karditsa
ΑΓ.ΒΗΣΣΑΡΙΩΝ	Agios Vissarion Trikala
ΑΓ.ΒΗΣΣΑΡΙΩΝΑΣ	
ΑΓ.ΒΗΣΣΑΡΙΩΝΟΣ	
ΑΓ.ΓΕΡΜΑ	
ΑΓ.ΓΕΡΜΑΝΟΣ	Agios Germanos Florina
ΑΓ.ΓΕΩΡΓ. ΦΕΡΡΩΝ	Agios Georgios Feron
ΑΓ.ΓΕΩΡΓ.ΝΗΛΕΙΑΣ	Agios Georgios Nileias
ΑΓ.ΓΕΩΡΓΙΟΣ	Agios Georgios Kerkira
ΑΓ.ΓΕΏΡΓΙΟΣ	Agios Georgios Kerkira
ΑΓ.ΓΕΩΡΓΙΟΣ ΒΟΙ	Agios Georgios Viotia
ΑΓ.ΓΕΩΡΓΙΟΣ ΒΟΙΩΝ	Agios Georgios Voia
ΑΓ.ΓΕΩΡΓΙΟΣ ΔΟΜ	Agios Georgios Domokos
ΑΓ.ΓΕΩΡΓΙΟΣ ΙΣΤΙΑΙΑΣ	Agios Georgios Istiea
ΑΓ.ΓΕΩΡΓΙΟΣ ΚΑΡ	Agios Georgios Karditsa
ΑΓ.ΓΕΩΡΓΙΟΣ ΚΙΣ	Agios Georgios Kimolos
ΑΓ.ΓΕΩΡΓΙΟΣ ΛΙΧΑΔΑΣ	Agios Georgios Lichada
ΑΓ.ΓΕΩΡΓΙΟΣ ΝΗΛ	Agios Georgios Nileias
ΑΓ.ΓΕΩΡΓΙΟΣ ΦΕΡ	Agios Georgios Feron
ΑΓ.ΓΙΑΝΝΗΣ	Agios Ioannis Mouresi
ΑΓ.ΔΕΚΑ	Agioi Deka Heraklion
ΑΓ.ΔΗΜΗΤ.ΠΕΡΙΒΛ.	
ΑΓ.ΔΗΜΗΤΡΙΟΣ ΒΟ	Agios Dimitrios Viotia
ΑΓ.ΔΗΜΗΤΡΙΟΣ ΖΑΡΑΚΟΣ	Agios Dimitrios Zarakos Lakonia
ΑΓ.ΔΗΜΗΤΡΙΟΣ ΚΑ	Agios Dimitrios Karditsa
ΑΓ.ΔΗΜΗΤΡΙΟΣ ΚΙΣΣΟΥ	Άγιος Δημήτριος Mouresi
ΑΓ.ΔΗΜΗΤΡΙΟΣ ΝΑ	
ΑΓ.ΔΗΜΗΤΡΙΟΥ	
ΑΓ.ΕΛΕΝΗ	Agia Eleni Serres
ΑΓ.ΕΥΘΥΜΙΑ	Agia Efthymia Delphi
ΑΓ.ΕΥΣΤΡΑΤΙΟΣ	Agios Efstratios Lemnos
ΑΓ.ΕΥΦΗΜΙΑ	Agia Effimia Cephalonia
ΑΓ.ΗΛΙΑ ΛΕΤΡΙΝΩΝ	Agios Ilias Ilida
ΑΓ.ΗΛΙΑΣ ΟΛΥΜΠΙ	Agios Ilias Ilia
ΑΓ.ΘΕΚΛΗ	Agia Thekli Kefallonia
ΑΓ.ΘΕΟΔΩΡΟΙ	Agioi Theodoroi Corinthia
ΑΓ.ΘΕΟΔΩΡΟΣ	Agios Theodoros Karditsa
ΑΓ.ΙΣΙΔΩΡΟΣ	Agios Isidoros Lesvos
ΑΓ.ΙΩΑΝΝΗΣ	Agios Ioannis Kerkira
ΑΓ.ΙΩΑΝΝΗΣ ΑΜΑΡ	Άγιος Ιωάννης Kifisia
ΑΓ.ΙΩΑΝΝΗΣ ΓΟΡΤ	Agios Ioannis Archeas Ireas
ΑΓ.ΙΩΑΝΝΗΣ ΘΕΟΛΟΓΟΣ	Agios Ioannis Theologos
ΑΓ.ΙΩΑΝΝΗΣ ΚΟΡΙ	Agios Ioannis Korinthia
ΑΓ.ΙΩΑΝΝΗΣ ΜΟΝΕ	Agios Ioannis Monemvasia
ΑΓ.ΙΩΑΝΝΗΣ ΜΥΛΟ	Agios Ioannis Mylopotamos
ΑΓ.ΙΩΑΝΝΗΣ ΡΕΘΥ	Agios Ioannis Rethimno
ΑΓ.ΙΩΑΝΝΗΣ ΣΠΑ.	Agios Ioannis Spata Loutsa
ΑΓ.ΙΩΑΝΝΗΣ ΣΠΑΡΤΗΣ	Agios Ioannis Sparta
ΑΓ.ΚΟΣΜΑΣ	Agios Kosmas
ΑΓ.ΚΩΝ/ΝΟΣ	Agios Konstantinos Lavreotiki
ΑΓ.ΚΩΝ/ΝΟΣ ΑΙΓΙ	Agiou Konstantinou Egina
ΑΓ.ΚΩΝ/ΝΟΣ ΜΑΝΤ	Agios Konstantinos Vilia
ΑΓ.ΚΩΝ/ΝΟΣ ΡΕΘΥ	Agios Konstantinos Rethymno
ΑΓ.ΚΩΝ/ΝΟΣ ΦΘΙΩ	Agios Konstantinos Phthiotis
ΑΓ.ΚΩΝΣΤΑΝΤΙΝΟΣ	Agios Konstantinos Samos
ΑΓ.ΛΑΥΡΕΝΤΙΟΣ	Agios Lavrentios Volos
ΑΓ.ΛΟΥΚΑΣ	Agios Loukas Pella
ΑΓ.ΜΑΜΑΣ	Agios Mamas Moudania
ΑΓ.ΜΑΡΙΝΑ ΚΥΔΩΝ	Agia Marina Nea Kidonia
ΑΓ.ΜΑΡΙΝΑ ΛΟΚΡΙ	Agia Marina Tithorea
ΑΓ.ΜΑΡΚΟΣ	Agios Markos Kerkira
ΑΓ.ΜΑΡΤΙΝΟΣ	Agios Martinos Kerkira
ΑΓ.ΜΑΤΘΑΙΟΣ	Agios Mattheos Kerkira
ΑΓ.ΜΑΥΡΑ	Agia Mavra Elis
ΑΓ.ΜΗΝΑΣ	Agios Minas Ikaria
ΑΓ.ΝΙΚΗΤΑΣ	Agios Nikitas Lefkada
ΑΓ.ΝΙΚΟΛΑΟΣ	Agios Nikolaos Lasithi
ΑΓ.ΝΙΚΟΛΑΟΣ ΑΙΔΗΨΟΥ	Agios Nikolaos Istiea Edipsos
ΑΓ.ΝΙΚΟΛΑΟΣ ΑΡΓ	Agios Nikolaos Argiro Nero
ΑΓ.ΝΙΚΟΛΑΟΣ ΒΟΙΩΝ	Agios NikolaosVoia
ΑΓ.ΝΙΚΟΛΑΟΣ ΕΥΒ	Agios Nikolaos Evia
ΑΓ.ΝΙΚΟΛΑΟΣ ΕΥΡ	Agios Nikolaos Evritania
ΑΓ.ΝΙΚΟΛΑΟΣ ΗΛΕ	Agios Nikolaos Ilia
ΑΓ.ΝΙΚΟΛΑΟΣ ΚΑΛ	Agios Nikolaos Attica
ΑΓ.ΝΙΚΟΛΑΟΣ ΜΕΛΙΤΙΝΗΣ	
ΑΓ.ΝΙΚΟΛΑΟΣ ΠΑΤ	Agios Nikolaos Patra
ΑΓ.ΟΝΟΥΦΡΙΟΣ	Agios Onoufrios Magnisia
ΑΓ.ΠΑΝΤΕΛΕΗΜΩΝ	Agios Panteleimon Attica
ΑΓ.ΠΑΡΑΣΚΕΥΗ ΦΘ	Agia Paraskevi Fthiotida
ΑΓ.ΠΑΡΑΣΚΙΕΣ	Agies Paraskies Iraklio
ΑΓ.ΠΑΥΛΟΣ	Agios Pavlos Thessaloniki
ΑΓ.ΠΕΛΑΓΙΑ	Agia Pelagia Iraklio
ΑΓ.ΠΝΕΥΜ	Agio Pnevma Serres
ΑΓ.ΠΝΕΥΜΑ	Agio Pnevma Serres
ΑΓ.ΠΡΟΔΡΟΜΟΣ	Agios Prodromos Chalkidiki
ΑΓ.ΠΡΟΚΟΠΙΟΣ	Agios Prokopios Naxos
ΑΓ.ΣΟΦΙΑ	Agia Sofia Evia
ΑΓ.ΣΠΥΡΙΔΩΝ	Agios Spyridon Arta
ΑΓ.ΣΠΥΡΊΔΩΝ	Agios Spyridon Fokida
ΑΓ.ΣΠΥΡΙΔΩΝΑΣ	Agios Spyridonas Dion
ΑΓ.ΣΤΕΦΑΝΟΣ ΠΑΤ	Agios Stefanos Patra
ΑΓ.ΣΩΣΤΗΣ	Agios Sostis Messenia
ΑΓ.ΤΡΙΑΔΑ	Agia Triada Thessaloniki
ΑΓ.ΤΡΙΑΔΑ ΕΥΡΥΤ	Agia Triada Evritania
ΑΓ.ΤΡΙΑΔΑ ΙΩΛΚΟΥ	
ΑΓ.ΤΡΙΑΔΑ ΛΟΚΡΙ	Agia Triada Molos
ΑΓ.ΤΡΙΑΔΑ ΝΑΥΠΛ	Agia Triada Nafplio
ΑΓ.ΤΡΙΑΔΑ ΝΑΥΠΛΙΟΥ	Agia Triada Nafplio
ΑΓ.ΤΡΙΑΣ	Agia Trias Milies
ΑΓ.ΧΑΡΑΛ.	Agios Charalampos Loutraki-Perachora
ΑΓ.ΧΑΡΑΛΑΜΠΟΣ	Agios Charalampos Kozani
ΑΓ.ΧΑΡΑΛΑΜΠΟΣ Φ	Agios Charalampos Fthiotida
ΑΓΓΑΡΙΩΝΕΣ	Angariones Lemnos
ΑΓΓΕΙΕΣ ΔΟΜΟΚΟΥ	
ΑΓΓΕΛ/ΣΤΡΟΥ	Aggelokastrou Agios Dimitrios
ΑΓΓΙΔΙΑ	
ΑΓΓΙΣΤΑΣ	Aggista Serres
ΑΓΙΑ ΚΥΔΩΝΙΑΣ	Agia Marina Nea Kidonia
ΑΓΙΑ ΠΑΡΑΣΚΕΥΗ ΛΟΚΡ.	
ΑΓΙΑ ΠΑΡΑΣΚΕΥΗ-ΒΙΠΕ	
ΑΓΙΟΣ ΒΑΣΙΛΕΙΟΣ ΚΛΕΙΤΟΡΙΑΣ	
ΑΓΙΟΣ ΓΕΩΡ. ΦΕΡ.	Agios Georgios Feron
ΑΓΙΟΣ ΓΕΩΡΓ. ΝΗΛ	Agios Georgios Nileias
ΑΓΙΟΣ ΓΕΩΡΓΙΟΣ ΝΗΛ	Agios Georgios Nileias
ΑΓΙΟΣ ΙΩΑΝΝΗΣ ΚΙΣ.	
ΑΓΙΟΣ ΙΩΑΝΝΗΣ-ΜΕΝΕΤΤΕΣ	
ΑΓΙΟΣ ΚΩΝ/ΝΟΣ ΛΟΚΡΙΔΟΣ	
ΑΓΙΟΣ ΧΑΡΑΛΑΜΠΟΣ ΚΑΜ. ΒΟΥΡΛΩΝ	Agios Charalampos Molos
ΑΓΙΟΣ.ΣΠΥΡΙΔΩΝΑΣ	Agios Spyridonas
ΑΓΚΑΡΙΩΝΕΣ	Angariones
ΑΓΡΙΔΙΟΝ ΚΑΛΑΒΡ	Agridi Kalavryta
ΑΓΡΙΔΙΟΝ ΟΛΥΜΠΙ	
ΑΓΡΟΚΤΗΜΑ  ΧΡΥΣΑΣ	
ΑΔΕΛΦΙΚΟΝ	Adelfiko
ΑΕΤΟΠΕΤΡΑ ΖΙΤΣΑΣ	Aetopetra Zitsa
ΑΕΤΟΡΡΑΧΗ ΓΟΡΤΥ	
ΑΗ ΓΟΡΔΗΣ	
ΑΗΣ	
ΑΗΣ ΜΕΓΑΛΟΠΟΛΗΣ	
ΑΗΣ ΠΤΟΛΕΜΑΙΔΟΣ	
ΑΘ.ΔΙΑΚΟΣ	Athanasios Diakos
ΑΙΓΙΟΝ	Aigio
ΑΚΑΡΝΑΝΙΚΑ	
ΑΚΟΒΟ	Akovos
ΑΚΡΑΙΟ	Akreos
ΑΚΡΩΤΗΡΙΟΝ	Akrotiri
ΑΛΑΜΑΝΕΙΚΑ	Alamaneika
ΑΛΑΜΑΝΟ	
ΑΛΕΙΜΑΤΑΔΕΣ	
ΑΛΕΞ/ΠΟΛΗ	Alexandroupoli
ΑΛΕΞ/ΡΕΙΑ	Alexandria Imathia
ΑΛΕΞΙ	
ΑΛΕΠΟΧΩΡΙ ΜΠΟΤΣΑΡΗ	Alepochori Ioannina
ΑΛΕΠΟΧΩΡΙΟΝ ΜΑΝ	
ΑΛΙΑΚΜΩΝ	Aliakmonas Voio
ΑΛΩΡΟ	Aloros
ΑΜΑΡΙΟΝ	Amari
ΑΜΕΛΑΝΤΑΙ	Amelantes
ΑΜΜΩΠΗ ΜΕΝΕΤΤΕΣ	Paralia Ammopi Karpathos
ΑΜΟΥΡΙΟΝ ΦΘΙΩΤΙ	Amouri Fthiotida
ΑΜΠΕΛΙΚΟΝ	Ampeliko
ΑΜΠΕΛΙΩΝΑΣ	
ΑΜΠΕΛΟΚΗ	
ΑΜΥΓΔΑΛΕΑ ΓΟΡΤΥ	Migdalia Gortynia
ΑΜΥΓΔΑΛΕΑ ΦΩΚΙΔ	Amigdalia Fokida
ΑΜΥΝΤΑΙΟΝ	Aminteo
ΑΜΦΙΘΕΑ ΒΡΩΜΟΒΡΥΣΗ	
ΑΜΦΙΘΕΑ ΚΑΛΑΜΑΤΑΣ	
ΑΜΦΙΠΟΛΙΣ	Amfipoli
ΑΝ.ΦΡΑΓΚΙΣΤΑ	Anatoliki Fragkista
ΑΝ.ΧΕΡΣΟΝΗΣΟ	
ΑΝΑΒΡΥΤΟΝ	Anavryto
ΑΝΑΒΡΥΤΟΣ	Anavryto
ΑΝΑΛΥΨΗ ΜΑΚΡΥΓΥΑΛΟΥ	Analipsi
ΑΝΑΤ. ΠΑΠΑΡΟΥΣΙ	
ΑΝΑΤΟΛΙΚΟ ΠΑΠΑΡΟΥΣΙ	
ΑΝΑΤΟΛΙΚΟΝ	Anatoliko
ΑΝΔΡΟΝΙΑΝΟΙ	Androniani
ΑΝΔΡΩΝΙ	
ΑΝΕΜΟΡΆΧΗ	Anemorrachi
ΑΝΕΜΩΤΙΑ	Anemotia
ΑΝΗΛΙΟΝ	Anilio
ΑΝΘΗΡΟΝ	Anthiro
ΑΝΘΟΤΟΠΟ	Anthotopos
ΑΝΘΟΧΩΡΙ ΔΩΔΩΝΗΣ	Anthochori Dodoni
ΑΝΘΟΧΩΡΙ ΜΕΤΣΟΒΟΥ	Anthochori Metsovo
ΑΝΟΙΞΙΑΤΙΚΟΝ	Anixiatiko
ΑΝΤΑΡΤΙΚΟΝ	Antartiko
ΑΝΤΙΑ	
ΑΝΤΙΓΟΝΟ	
ΑΝΤΥΠΑΤΑ	Antipata
ΑΝΥΦΙΟΝ	Anifi
ΑΝΩ ΑΓ.ΙΩΑΝΝΗΣ	Ano Agios Ioannis
ΑΝΩ ΑΘΑΜΑΝΙΟ	
ΑΝΩ ΑΛΙΣΣΟΣ	
ΑΝΩ ΑΣΕΑ	
ΑΝΩ ΑΣΣΟΣ	
ΑΝΩ ΒΡΑΣΝΑ	
ΑΝΩ ΚΑΡΙΤΣΑ ΕΥΡΥΤΑΝΙΑΣ	
ΑΝΩ ΛΕΠΙΑΝΑ	
ΑΝΩ ΜΑΚΡΥΝΟΥ	
ΑΝΩ ΜΕΣΟΛΑΚΚΙΑ	
ΑΝΩ ΜΗΤΡΟΥΣΗ	
ΑΝΩ ΜΥΡΣΙΝΗ	
ΑΝΩ ΞΗΡΟΧΩΡΙ	
ΑΝΩ ΠΛΑΤΑΝΟΣ	
ΑΝΩ ΡΑΠΤΟΠΟΥΛΟ	
ΑΝΩ ΡΟΔΩΝΙΑ	
ΑΝΩ ΣΕΤΤΑ	
ΑΝΩ ΣΠΑΡΤΙΑ	
ΑΝΩ ΤΑΞΙΑΡΧΕΣ	
ΑΝΩ ΦΙΓΑΛΕΙΑ	
ΑΝΩ ΧΟΥΝΙ	
ΑΝΩ ΧΡΥΣΟΒΙΤΣΑ	
ΑΝΩΓΕΙΟΝ	Anogeio
ΑΝΩΠΟΛΙΣ ΠΕΔΙΑΔ	
ΑΠΙΔΕΩΝΑ	
ΑΠΟΣΤΟΛΟΙ ΠΕΔΙΑ	Apostoli Minoa Pediada
ΑΡΑΧΩΒΙΤΙΚΑ	Arachovitika
ΑΡΓ.ΠΗΓΑΔΙ	Argyro Pigadi
ΑΡΓΕΝΟΣ	
ΑΡΓΟΛΙΚΟΝ	Argoliko
ΑΡΓΥΡΙΑ ΜΑΚΡΑΚΩΜΗΣ	Argiria Makrakomi
ΑΡΓΥΡΙΟ	Argiri
ΑΡΓΥΡΟΜΥΛΟΙ	
ΑΡΓΥΡΟΝ	Argiro
ΑΡΓΥΡΟΠΟΥΛΕΙΟΝ	
ΑΡΓΥΡΟΠΟΥΛΗ	Argyropouli
ΑΡΔ/ΚΑ ΚΟΡΩΝΕΙΑΣ	
ΑΡΔ/ΚΑ ΛΙΒΑΔΕΙΑΣ	
ΑΡΔΑΜΕΡΙΟΝ	Ardameri
ΑΡΔΑΝΙΟ	Ardani
ΑΡΔΑΝΙΟΝ	Ardani
ΑΡΚΑΔΙΚΟΝ	Arkadiko
ΑΡΜΕΝΙΟΝ	Armenio
ΑΡΜΟΛΙΩΝ	Armolia
ΑΡΤΕΜΩΝ	Artemida
ΑΡΧ.ΚΛΕΩΝΑΙ	Archaies Kleones
ΑΡΧ.ΝΕΜΕΑ	Archaia Nemea
ΑΡΧ.ΟΛΥΜΠΙΑ	Archea Olimpia
ΑΡΧΙΛΟΧΟΣ	
ΑΡΩΝΙΟΝ	
ΑΣΒΕΣΤΗΣ	Asvesti
ΑΣΒΕΣΤΙΟΝ	Asvesti
ΑΣΓΟΥΡΟΥ	
ΑΣΗΜΙΟΝ	Asimi
ΑΣΚΗΤΑΙ	Askites
ΑΣΚΛΗΠΙΕΙΟ ΕΠΙΔ	Asklipieio Epidavros
ΑΣΚΛΗΠΙΕΙΟΝ	Asklipiio Rodos
ΑΣΜΗΝΙΟ	Asmini
ΑΣΜΗΝΙΟΝ	Asmini
ΑΣΠ ΣΑΜΟΥ	
ΑΣΠΡΟ	Aspro
ΑΣΠΡΟΒΑΛ	Asprovalta
ΑΣΠΡΟΚΚΛΗΣΙ ΗΓΟΥΜΕΝΙΤΣΑΣ	
ΑΣΠΡΟΝ	Aspro
ΑΣΤΡΟΣ  ΜΕΣΟΓΕΙΟ	
ΑΣΤΡΟΧΩΡΙΟΝ	
ΑΤΡΑΠΟΥ	Atrapos
ΑΥΓΩΝΥΜΩΝ	Avgonima
ΑΥΛΑΚΙΟΝ	Avlaki
ΑΦΙΑΡΤΗ ΜΕΝΕΤΤΕΣ	Afiarti
ΑΦΙΣΙΟΝ	Afisio
ΑΦΡΟΔΙΣΙΩΝ	Afrodisia
ΑΧΑΙΚΟΝ	Achaiko
ΑΧΛΑΔΕΑ ΗΓΟΥΜΕΝΙΤΣΑΣ	
ΑΧΛΑΔΕΑ ΙΩΑΝΝΙΝΩΝ	
ΑΧΛΑΔΕΑ ΦΘΙΩΤΙΔ	
ΒΑΒΥΛΩΝ	
ΒΑΓΓΟΥ	
ΒΑΓΙΟΧΩΡΙ	
ΒΑΓΙΩΝΙΑ	
ΒΑΛΑΝΙΔΟΡΑΧΗ	
ΒΑΛΑΝΙΔΟΥΣΑ	
ΒΑΛΕΡΙΑΝΟ	
ΒΑΛΜΑΤΟΥΡΑ	
ΒΑΜΒΑK/ΛΟ	
ΒΑΜΒΑΚΟΥΣΑ	
ΒΑΝΑΙΝΑ	
ΒΑΝΑΤΟΝ	
ΒΑΡΒΑΡΙΑΔΑ ΕΥΡΥΤΑΝΙΑΣ	
ΒΑΡΓΙΑΝΗΣ	
ΒΑΡΙΚΟΝ	Variko
ΒΑΣΙΛΑΚΙΟ	Vasilaki Chania
ΒΑΣΙΛΑΚΙΟΝ ΗΛΕΙ	Vasilaki Ilia
ΒΑΣΙΛΑΚΙΟΝ ΛΑΚΩ	Vasilaki Lakonia
ΒΑΣΙΛΕΙΑΙ	Vasilies
ΒΑΣΙΛΕΣΙ ΠΡΑΣΙΑΣ	Vasilesi
ΒΑΣΙΛΕΩΝΙΚΟΥ	Vasileoniko
ΒΑΣΙΛΙΚΟΝ ΚΟΡΙΝ	
ΒΑΣΚΙΝΑ	
ΒΑΣΚΙΝΑΣ	
ΒΑΤΕΡΟΝ	Vatero
ΒΑΤΟΥΣΑ	
ΒΑΤΩΝΤΑ	
ΒΑΤΩΝΤΑΣ	
ΒΑΦΕΙΟΧΩΡΙΟΝ	
ΒΕΛΑΝΙΔΙΟΝ	
ΒΕΛΒΙΤΣΙ	
ΒΕΛΗΜΑΧΙΟΥ	Velimachi
ΒΕΛΙΤΣΑΙ	Velitses
ΒΕΛΟΝ	Velo
ΒΕΝΑ	
ΒΕΡΒΕΡΑΤΟΥ	Ververato
ΒΕΡΔΙΚΟΥΣΙΑ	
ΒΕΡΝΑΔΕΙΚΑ	
ΒΕΡΝΑΡΔΕΙΚΑ	Vernardaki
ΒΕΣΣΑΣ	Vessa
ΒΕΤΕΙΚΑ	
ΒΙ.ΠΕ ΒΕΛΕΣΤΙΝΟΥ	
ΒΙ.ΠΕ ΒΟΛΟΥ	
ΒΙ.ΠΕ.Θ	
ΒΙΚΙΟΥ	Viki
ΒΙΟΠΑΘ	
ΒΙΠΕΗ	
ΒΙΤΑΛΟ	Vitali
ΒΙΤΩΛΗ	
ΒΛΑΧΙΩΤΗ	
ΒΛΑΧΟΡΑΠΤΗ	
ΒΛΥΖΑΝΑ	
ΒΛΥΖΑΝΆ	
ΒΟΙΛΑΔΑ ΕΥΡΥΤΑΝΙΑΣ	
ΒΟΛΙΜΑΙ	Volimes
ΒΟΡΙΤΣΙ	
ΒΟΥΒΑΙ	
ΒΟΥΝΑΡΟΣ	Vounargo
ΒΟΥΝΟΝ	Vouno
ΒΟΥΡΒΟΥΛΟ	
ΒΟΥΡΛΙΩΤΑΙ	Vourliotes
ΒΟΥΡΝΙΚΑ	Vournikas
ΒΟΥΣΤΡΙ	
ΒΟΥΤΑΙ	Voutes
ΒΡΑΣΤΑ	
ΒΡΑΧΝΕΙΚΑ	
ΒΡΕΣΤΟΝ	Vresto
ΒΡΟΝΤΑΔΕΣ	
ΒΡΟΝΤΕΡΟΝ	Vrontero
ΒΡΟΥΣΤΙΟΥ	
ΒΡΟΥΤΣΗ	Vrousti
ΒΡΥΣΑΙ ΚΥΔΩΝΙΑΣ	Vryses Chania
ΒΡΥΣΕΣ ΑΠΌ	Vrisi Orfano
ΒΥΖΙΚΙΟΝ	Viziki
ΒΥΖΙΤΖΑ	Vizitsa
ΒΥΣΙΝΙΑ	
ΒΥΤΟΥΜΑΣ	
ΒΩΛΑΞ	Volakas
ΓΑΖΙΟΝ	Gazi
ΓΑΛΑΡΙΝΟΥ	
ΓΑΛΑΡΟΝ	Galaro
ΓΑΛΑΤΑΣ ΤΡΟΙΖΗΝ	Galatas Trizinia
ΓΑΡΔΙΚΙΟΝ ΦΘΙΩΤ	Gardiki Fthiotida
ΓΑΡΕΦΕΙΟΝ	Garefio
ΓΑΡΕΦΙ	
ΓΕΡΑΝΙΟΝ ΚΥΔΩΝΙ	
ΓΕΡΟΠΛΑΤΑΝΟΣ ΚΟΝΙΤΣΑΣ	
ΓΕΦΥΡΑ ΓΑΛΙΚΟΥ	
ΓΕΩΡΓΙ/ΛΗ	
ΓΕΩΡΓΙ/ΛΗ ΑΠ	Georgioupoli Apokoronos
ΓΕΩΡΓΙΚΟΝ	Georgiko
ΓΙΟΥΡΓΑΝΙΣΤΑ	
ΓΚΕΛΑ - ΣΚΟΠΗΣ	
ΓΚΡΑΙΚΑ	
ΓΛΑΣΤΡΑ ΚΛΕΙΤΟΡΙΑΣ	Glastra Klitoria
ΓΛΥΚΟΜΗΛΕΑΣ	Glikomilia
ΓΟΜΑΤΙΟΝ	
ΓΟΝΙΜΟΝ	Gonimo
ΓΟΝΟΙ	
ΓΟΥΒΑΙ	Gouves
ΓΟΥΛΕΜΙΟΝ	Golemi
ΓΟΥΜΕΡΟΝ	Goumero
ΓΟΥΡΓ/ΤΙΣΑΣ	
ΓΟΥΡΝΕΣ ΠΕΔΙΑΔΟΣ	
ΓΟΥΡΝΕΣ ΤΕΜΕΝΟΥΣ	
ΓΡΑΙΚΑ	
ΓΡΑΙΚΙΚΟΝ	Grekiko
ΓΡΑΜ/ΚΟΥΣ	
ΓΡΑΜΜΕΝΟΝ	Grammeno
ΓΡΑΝΙΤΣΕΙΚΑ	Granitseika
ΓΡΥΛΟΣ	
ΓΥΜΝΟΥ	Gimno
ΓΩΝΙΑΙ ΠΕΔΙΑΔΟΣ	Gonies
ΔΑΒΙΕΣ	Davia
ΔΑΛΑΜΑΝΑΡΑΣ	Dalamanara
ΔΑΝΑΚΟΣ ΣΥΡΟΥ	Danakos Siros
ΔΑΡΑ ΚΛΕΙΤΟΡΙΑΣ	
ΔΑΡΑΤΣΟ	
ΔΑΤΟ ΚΑΤΩ	Dato
ΔΑΥΛΩΣΗ	
ΔΑΦΝΑΙ ΑΙΓΙΑΛΙΑ	Dafnes Aigialeia
"ΔΑΦΝΟΥΛΑΟΛΥΜ	"	Daphnoula
ΔΔ ΤΟΛΟΦΩΝΟΣ	
ΔΕΛΒΙΝΑΚΙΟΝ	Delvinaki
ΔΕΛΦΙΝΟΝ	Delfino
ΔΕΜΑΤΙΟΝ	Demati
ΔΕΝΔΡΑ ΤΥΡΝΑΒΟΥ	Dendra Tirnavos
ΔΕΡΒΕΝΙΟΝ	Derveni
ΔΕΡΜΑΤΙΟΝ	Dermati
ΔΕΣΠΟΤΙΚΑ	
ΔΕΣΠΟΤΙΚΟΝ	Δεσποτικό
ΔΕΣΠΩΤΙΚΑ	
ΔΗΜΑΡΙΟ	Dimari
ΔΗΜΑΡΙΌ	Dimari
ΔΗΜΗΤΡΙΤ	
ΔΗΜΟΣ ΑΛΕΞ/ΠΟΛΗΣ	Alexandroupoli
ΔΙΑΚΟΠΤΟΝ	Diakopto
ΔΙΑΛΕΚΤΟΝ	Dialekto
ΔΙΑΛΕΧΤΟ	
ΔΙΑΣΕΛΑ	
ΔΙΑΣΤ.ΠΑΛΑΙΟΚΑΣ	
ΔΙΕΥΧΩΝ	
ΔΙΟΝΥΣΙΟ	Dionisi
ΔΙΟΝΥΣΙΟΝ	
ΔΙΧΟΜΟΙΡΙΟΝ	Dichomiri
ΔΟΚΙΜΙ	Dokimi
ΔΟΚΙΜΙΟΝ	Dokimio
ΔΟΚΙΜΙΟΥ	
ΔΟΚΙΜΙΟΥ 1	
ΔΟΛΟΝ	Dolo
ΔΟΥΝΕΙΚΑ	
ΔΡΑΚΙΑ	Drakia
ΔΡΑΚΟΝΑ ΚΙΣΣΑΜΟ	
ΔΡΑΚΟΝΑ ΚΥΔΩΝΙΑ	
ΔΡΑΚΩΝΑ ΚΥΔ	
ΔΡΙΜΙΣΚΟΥ	Drimiskos
ΔΡΟΥΒΑ	
ΔΡΥΜΟ	
ΔΡΥΜΩΝΑΣ ΡΑΠΤΟΠΟΥΛΟΥ	
ΔΡΥΟΥ	Drios
ΔΥΡΡΑΧΙ	
ΔΥΤ.ΦΡΑΓΚΙΣΤΑ	Fragkista
ΔΥΤΙΚΟΝ	Ditiko
ΔΩΡΙΕΣ	
ΔΩΡΙΟΝ	Dorio
Ε.Ο.ΣΕΡΡΩΝ-ΘΕΣ/ΝΙΚΗΣ	
ΕΓΓΑΡΑΙ	Eggares
ΕΓΡΗΓΟΡΟΥ	
ΕΛΑΙΟΧΩΡΙΟΝ	Elaiochori
ΕΛΑΙΟΧΩΡΙΟΝ ΚΥΝ	
ΕΛΑΙΩΝ ΑΙΓΙΑΛΙΑ	
ΕΛΑΤΟΣ ΒΡΑΓΓΙΑΝΩΝ	
ΕΛΑΦΟΧΩΡΙ ΟΡΕΣΤΙΑΔΑΣ	Elafochori Evros
ΕΛΕΚΙΣΤΡΑ	
ΕΛΕΥΘΕΡΙΟ ΚΟΡΔΕ	
ΕΛΕΥΘΕΡΙΟΝ	Eleftherio Larisa
ΕΛΕΥΘΕΡΟΝ	
ΕΛΕΥΘΕΡΟΧΩΡΙΟΝ	Eleftherochori
ΕΛΗΤΑ	
ΕΛΛΗΝΙΚΟΝ	Elliniko
ΕΛΛΗΝΙΚΟΝ ΑΡΓΟΛ	Elliniko Argolida
ΕΛΛΗΝΙΚΟΝ ΓΟΡΤΥ	Elliniko Gortynia
ΕΜΜΑΝ.ΠΑΠΠΑΣ	Emmanouil Pappa
ΕΜΠΕΣΟΥ	Empesos
ΕΜΠΩΝΑ	Embonas
ΕΞΩ ΔΙΔΥΜΑΣ	Exo Didima
ΕΠΙΣΚ ΓΩΝΙΑΣ	Episkopi Gonias
ΕΠΙΣΚΟΠΗ ΛΑΠΠΑΙΩΝ	Episkopi Lappei
ΕΠΙΣΚΟΠΗ ΜΥΛΟΠΟ	Episkopi Mylopotamos
ΕΠΙΣΚΟΠΙΚΟΝ	Episkopiko
ΕΠΤΑΜΥΛΟ	Eptamili
ΕΡΑΤΕΙΝΟΝ	Eratino
ΕΥΑΓΓΕΛΙΣΜΟΣ ΛΑ	Evaggelismos Larisa
ΕΥΑΝΔΡΟΣ	Evandro
ΕΥΛΑΛΟΝ	Evlalo
ΕΥΜΟΙΡΟΝ	Evmoiro
ΕΥΞ/ΛΗ	Efxeinoupoli
ΕΥΟΣΜΟΝ	Evosmos
ΕΥΡΟΠΟΥΛΟΙ	
ΕΦΤΙΝΑ	
Ζ.ΠΗΓΗ	ΖΩΟΔΟΧΟΣ ΠΗΓΗ
ΖΑΓΚΛΙΒΕ	
ΖΑΓΚΛΙΒΕΡΙΟΝ	Zagliveri
ΖΑΛΤΣΑ	
ΖΑΛΤΣΑ.	
ΖΑΡΟΥΧΛΕΙΚΑ	
ΖΑΧΟΛΗ	
ΖΕΛΙΟΝ	
ΖΕΜΕΝΟΣ	Zemeno
ΖΕΡΒΟ ΜΕΣΟΒΟΥΝΙΟΥ	
ΖΕΡΒΟΧΩΡΙΟΝ	Zervochori
ΖΕΥΓΟΛΑΤΕΙΟ-ΛΙΘΟΤΟΠΟ	
ΖΕΥΓΟΛΑΤΕΙΟΝ ΚΟ	Zevgolateio Corinthia
ΖΕΥΓΟΛΑΤΕΙΟΝ ΜΑ	
ΖΗΛΕΥΤΟΝ	Zilefto
ΖΗΛΩΤΗ	Zilot?
ΖΟΡΙΑΝΟ	Zoriano
ΖΟΥΝΑΚΙΟΝ	Zounaki
ΖΥΦΙΑ	
ΖΩΤΙΚΟΝ	Zotiko
ΗΡΑΙΟΝ	Ireo
ΗΡΑΚΛΚ	
ΘΑΛΕΡΟΝ	Thalero
ΘΕΜΕΛΟΝ	Themelo
ΘΕΟΚΤΙΣΤΟΝ	Theoktisto
ΘΕΡΙΑΝΟΝ	Theriano
ΘΕΡΙΣΟΝ	Theriso
ΘΕΣ/ΝΙΚΗ	Thessaloniki
ΘΗΒΑΙ	Thiva
ΘΗΝΑΙΑ	Thineas
ΘΗΡΑΜΟΝΑ	Thiramonas
ΘΥΡΕΙΟ	Thirio
ΘΥΡΙΟΝ	Thirio
ΙΑΜΠΟΛΙΣ	
ΙΕΡΑ ΜΟΝΗ Ο. ΔΑΥΙΔ	
ΙΛΑΡΙΩΝΑΣ	Ilariona Katsouli
ΙΠΕΙΟΣ	Ipio
ΙΠΠΕΙΟΣ	Ippio
Κ. ΑΓΙΑΝΝΗ	
Κ. ΑΘΑΜΆΝΙΟ	
Κ.ΑΓ.ΙΩΑΝΝΗΣ	Kato Agios Ioannis
Κ.ΑΓΡΟΣ	Kalos Agros
Κ.ΑΛΙΣΣΟΣ	Kato Alissos
Κ.ΑΜΥΓΔΑΛΗ	Kato Amigdali
Κ.ΑΝΑΒΡΥΤΟΣ	
Κ.ΑΣΙΤΕΣ	Kato Asites
Κ.ΑΣΣΟΣ	Kato Assos
Κ.ΑΧΑΙΑ	Kato Achaia
Κ.ΑΧΑΪΑ	Kato Achaia
Κ.ΒΑΘΕΙΑ	Kato Vathia
Κ.ΒΕΡΜΙΟ	Kato Vermio
Κ.ΒΕΡΜΙΟΝ	Kato Vermio
Κ.ΒΛΑΣΙΑ	Kato Vlasia
Κ.ΒΡΥΣΗ	Kali Vrisi
Κ.ΓΟΥΒΕΣ	Kato Gouves
Κ.ΔΙΜΗΝΙΟ	
Κ.ΔΙΜΗΝΙΟΝ	
Κ.ΖΑΧΛΩΡΟΥ	Kato Zachlorou
Κ.ΘΕΟΔΩΡΑΚΙΟΝ	Kato Theodoraki
Κ.ΘΟΛΟΣ	Kato Tholos
Κ.ΚΑΛΕΝΤΙΝΗ	Kato Kalentini
Κ.ΚΑΛΕΝΤΊΝΗ	Kato Kalentini
Κ.ΚΑΛΛΙΝΙΚΗ	Kato Kalliniki
Κ.ΚΑΛΛΙΝΙΚΗΣ	Kato Kalliniki
Κ.ΚΑΜΗΛΑ	Kato Kamila
Κ.ΚΑΣΤΡΙΤΣΙ	Kato Kastritsi
Κ.ΚΑΣΤΡΙΤΣΙΟΝ	Kato Kastritsi
Κ.ΚΕΡΑΣΟΒΟ	Kato Kerasovo
Κ.ΚΛΕΙΝΑΙ	Kato Kleines
Κ.ΚΛΕΙΝΕΣ	Kato Kleines
Κ.ΚΛΕΙΝΩΝ	Kato Kleines
Κ.ΛΕΙΝΕΣ - Κ.ΚΑΛΛΙΝΙ	
Κ.ΛΟΥΣΟΙ	Kato Lousi
Κ.ΛΟΥΤΡΟΝ	Kato Loutro
Κ.ΜΑΚΡΥΝΟΥ	Kato Makrinou
Κ.ΜΑΥΡΙΚΙΟΝ	Kato Mavriki
Κ.ΜΗΛΙΑ	Kato Milia
Κ.ΝΕΥΡΟΚΟΠΙΟΝ	Kato Nevrokopi
Κ.ΟΡΕΙΝΗ	
Κ.ΠΑΝΑΓΙΑ	Kato Panagia
Κ.ΠΕΔΙΝΑ	Kato Pedina
Κ.ΠΟΡΟΙΑ	Kato Poria
Κ.ΣΓ.ΙΩΑΝΝΗΣ	
Κ.ΣΧΟΛΑΡΙΟΝ	Kato Scholari
Κ.ΣΩΤΗΡΙΤΣΑ	Kato Sotiritsa
Κ.ΤΑΞΙΑΡΧΕΣ	Kato Taxiarches
Κ.ΤΑΡΣΟΣ	Kato Tarsos
Κ.ΤΡΙΚΑΛΑ	
Κ.ΤΡΙΤΟΣ	Kato Tritos
Κ.ΧΡΥΣΟΒΙΤΣΑ	Kato Chrisovitsa
ΚΑΒΑΛΛΑΡ	Kavallari
ΚΑΒΑΛΛΑΡΙΟΝ	Kavallari
ΚΑΒΑΛΟΣ	
ΚΑΓΚΑΔΙΟΝ	Kagkadi
ΚΑΔΙΟΝ	Kadi
ΚΑΘΑΡΑΔΕΣ	
ΚΑΙΣΑΡΙ	Kesario
ΚΑΙΣΑΡΙΟΝ	Kesario
ΚΑΛΑΜΑΚΙΟΝ ΦΘΙΩ	
ΚΑΛΑΜΑΡΙ	
ΚΑΛΑΜΙΟΝ ΗΡΑΚΛ	Kalami Iraklio
ΚΑΛΑΜΟΡΕΜΑ	
ΚΑΛΑΜΩΝΑ	
ΚΑΛΑΜΩΤΟΝ	Kalamoto
ΚΑΛΕΣΑ	
ΚΑΛΕΤΖΙΟΝ	Kalentzi
ΚΑΛΛΑΝΔΡ	
ΚΑΛΛΙΓΑΤΑ	
ΚΑΛΛΙΔΡΟΜΟΣ	Kallidromo
ΚΑΛΛΙΡΟΗ	
ΚΑΛΛΙΦΥΤ	Kallifitos
ΚΑΛΛΥΝΤΗΡΙΟ	Kallintiri
ΚΑΛΟΓΕΡΟΡΑΧΗ	
ΚΑΛΟΞΥΛΟΥ	
ΚΑΛΟΥΔΙΑΝΑ ΚΙΣ	Kaloudiana Kissamos
ΚΑΛΟΥΔΙΟΥ	Kaloudi
ΚΑΛΟΧΙΟΝ	Kalochi Thessaloniki
ΚΑΛΟΧΩΡΙ-ΠΑΝΤΕΙ	
ΚΑΛΥΒΑΙ	Kalyves
ΚΑΛΥΒΑΚΙΑ ΞΕΝΙΩΝ	
ΚΑΛΥΒΙΑ ΚΑΡΥΩΝ	
ΚΑΛΥΒΙΑ ΜΥΡΤΟΥΝΤΙΩΝ	
ΚΑΛΥΒΙΑ ΠΕΖΟΥΛΑΣ	
ΚΑΜ.ΒΟΥΡΛΑ	Kamena Vourla
ΚΑΜΑΡΑΙ	Kamares
ΚΑΜΑΡΙΟΝ	Kamari
ΚΑΜΑΡΙΟΝ ΚΟΡΙΝΘ	Kamari Korinthia
ΚΑΜΠΕΑΣ	
ΚΑΜΠΙΑ ΜΑΚΡΑΚΩΜΗΣ	Kampia Makrakomi
ΚΑΝΑΛΑΚΙ	
ΚΑΝΑΛΛΑΚΙΟΝ	Kanallaki
ΚΑΝΑΜΑΤ	
ΚΑΝΔΑΛΟΣ ΜΑΝΤΙΝ	
ΚΑΝΗΘΟΣ	
ΚΑΝΤΑΝΟΥ ΥΠΚ	
ΚΑΠΑΡΙΑΝΑ	
ΚΑΡΑΒΑΔΟ	Karavados
ΚΑΡΑΒΟΜΥΛΟ	Karavomilos
ΚΑΡΑΚΟΛΙΘΟΣ	Korakolitho
ΚΑΡΒΟΥΝΑΡΙ ΗΓΟΥΜΕΝΙΤΣΑΣ	
ΚΑΡΒΟΥΝΙΑΡΙ	
ΚΑΡΔΙΑΚΑΥΤΙΟΥ	Kardiakafti
ΚΑΡΕΙΚΑ	
ΚΑΡΛΟΒΑΣΙΟΝ	Karlovasi
ΚΑΡΝΑΣΙΟΝ	Karnasi
ΚΑΡΟΥΤΩΝ	
ΚΑΡΤΕΡΑΙ	Karteres
ΚΑΡΤΕΡΙΟΝ	Karteri
ΚΑΡΥΑ ΛΑΡΙΣΗΣ	Karya Larissa
ΚΑΡΥΑ ΥΠΑΤΗΣ	Karya Ipati
ΚΑΡΥΑΙ	Karyes
ΚΑΡΥΩΤΙΟΝ	Karioti
ΚΑΣΑΝΟΙ	
ΚΑΣΣΑΝΔΡΙΝΟ	
ΚΑΣΣΑΝΔΡΙΝΟΝ	
ΚΑΣΤΑΝΕΑ ΕΥΡΥΤΑ	
ΚΑΣΤΑΝΕΑΣ	
ΚΑΣΤΑΝΟΥΣΑ	
ΚΑΣΤΕΛ. ΜΕΣΗΣ	
ΚΑΣΤΕΛΙΩΝ	Kasteli
ΚΑΣΤΕΛΛΑΝΟΙ ΓΥΡ	
ΚΑΣΤΕΛΛΑΝΟΙ ΜΕΣ	
ΚΑΣΤΕΛΛΙΟΝ ΠΕΔΙ	
ΚΑΣΤΕΛΟΚΑΜΠΟΣ	
ΚΑΣΤΟΡΙ	
ΚΑΣΤΡΑΚΙ ΑΓΡΙΝΙΟΥ	Kastraki Agrinio
ΚΑΣΤΡΑΚΙΟΝ	Kastraki Trikala
ΚΑΣΤΡΑΚΙΟΝ ΓΟΡΤ	Kastraki Gortynia
ΚΑΣΤΡΑΚΙΟΝ ΚΟΡΙ	Kastraki Korinthia
ΚΑΣΤΡΙ ΓΟΥΒΩΝ	
ΚΑΣΤΡΙ ΛΟΥΤΡΟ	
ΚΑΣΤΡΙΑ ΒΕΛΙΚΑΣ	
ΚΑΣΤΡΙ-ΛΟΥΤΡΟ	
ΚΑΣΤΡΙΟΝ	Kastri Igoumenitsa
ΚΑΣΤΡΙΟΝ ΦΘΙΩΤΙ	Kastri Fthiotida
ΚΑΤΑΒΟΘΡΑΣ	Katavothra
ΚΑΤΑΛΑΚΟΣ	Katalakko
ΚΑΤΑΡΑΧΙ	
ΚΑΤΕΡΝΟΣΚΛΑ	
ΚΑΤΗΧΩΡΙ	
ΚΑΤΡΑΜΙΟ	Palio Katrami
ΚΑΤΩ ΑΜΠΕΛΑ	
ΚΑΤΩ ΒΕΡΒΕΝΩΝ	Kato Vervena
ΚΑΤΩ ΔΙΜΗΝΙΟ	
ΚΑΤΩ ΖΕΡΒΟΧΩΡΙ	
ΚΑΤΩ ΘΕΡΜΕΣ	
ΚΑΤΩ ΛΕΠΙΑΝΑ	
ΚΑΤΩ ΜΑΚΡΥΝΟ	
ΚΑΤΩ ΜΠΡΑΛΟΣ	
ΚΑΤΩ ΟΡΕΙΝΗ	
ΚΑΤΩ ΠΑΥΛΙΑΝΗ	
ΚΑΤΩΓΗ	
ΚΑΥΚΑΝΙΑ	
ΚΑΨΟΡΑΧΗ	
ΚΑΨΟΧΩΡΑ	
ΚΕΛΑΡΙΑ ΚΑΤΑΦΥΛΛΙΟΥ	
ΚΕΛΙ	
ΚΕΛΛΑΡΙΑ.ΔΗΜΟΥ ΑΡΑΧΩΒΗΣ	
ΚΕΝΤΗΤΗ	
ΚΕΝΤΡΙΚΟΝ	Kentriko
ΚΕΝΤΡΟΝ	Kentro
ΚΕΡΑΜΑΤΑΙ	Keramates
ΚΕΡΑΜΙΔΙΟΝ	Keramidi
ΚΕΡΑΜΙΟΥ	Kerami Lesvos
ΚΕΡΑΣΤΑΡΙ	
ΚΕΡΙΟΝ	Keri Zakynthos
ΚΕΣΤΕΛΙ ΦΟΥΡΝΗΣ	
ΚΕΦΑΛΑΡΙΟΝ ΚΟΡΙ	Kefalari Korinthia
ΚΕΦΑΛΑΣ ΑΠ	Kefalas Apokoronos
ΚΕΦΑΛΟΧΩΡΙ ΗΓΟΥΜΕΝΙΤΣΑΣ	
ΚΗΠΟΙ ΖΑΓΟΡΙΟΥ	Kipoi Zagori
ΚΙΒΕΡΙΟΝ	Kiveri
ΚΙΔΑΡΗΣ	Kidaris
ΚΙΖΑΡΙ	
ΚΙΟΝΙΟΝ	Kioni
ΚΙΣΑΜΟΥ ΠΚ	
ΚΛΑΔΕΟ	
ΚΛΑΔΟΡΑΧΗΣ	
ΚΛΕΙΔΙΟΝ	Klidi
ΚΛΕΙΝΟΝ	Kleino
ΚΛΕΙΝΟΣ	Kleino
ΚΛΕΙΟΥ	
ΚΛΕΙΣ/ΜΑΤΑ	
ΚΛΕΙΣΟΡΕΥΜΑΤΑ	
ΚΛΕΙΣΟΧΩΡΙ	
ΚΛΕΙΤΟΡΑ	
ΚΛΕΙΤΟΡΑΣ	
ΚΟΙΛΑΔΙΟΝ	Kiladi
ΚΟΚ.ΠΥΡΓΟΣ	
ΚΟΚΑΛΕΙΚΑ	
ΚΟΛΙΡΙΟΝ	Koliri
ΚΟΛΛΙΝΑΙ	Kollines
ΚΟΛΟΞΥΛΟΥ	Kaloxilos
ΚΟΛΧΙΚΟΝ	Kolchiko
ΚΟΜΙΤΟΝ	Komito
ΚΟΜΝΗΝΙΟ	Komninio
ΚΟΝΙΑΚΟΥ	Koniakos
ΚΟΝΙΣΤΡΑΙ	Konistres
ΚΟΝΤΟΠΟΥΛΗ	Kontopouli
ΚΟΡΙΝΘΟ	Corinth
ΚΟΡΙΤΣΑ ΚΛΕΙΣΤΟΥ	
ΚΟΡΟΜΗΛΕΑ	
ΚΟΡΥΦΑΣΙΟ	Korifasi
ΚΟΡΥΦΑΣΙΟΝ	Korifasi
ΚΟΡΩΝΙΣ	Koroni
ΚΟΣΜΑΤΙΟ	Kosmati
ΚΟΣΜΑΤΙΟΝ	Kosmati
ΚΟΣΤΑ ΠΟΡΤΟΧΕΛΙΟΥ	
ΚΟΥΒΛΙ	
ΚΟΥΒΟΥΚΛΙΟ	Kouvouklia
ΚΟΥΚΟΥΛΙΑ	
ΚΟΥΚΟΥΡΑΒΑ	
ΚΟΥΜΕΪΚΑ	
ΚΟΥΝΟΥΠ/ΝΑ	
ΚΟΥΠΑΚΙΟΥ	Koupaki
ΚΟΥΡΟΥΝΙΩΝ	Kourounia
ΚΟΥΡΤΑΚΙΟΝ ΑΡΓΟ	Kourtaki Argolida
ΚΟΥΡΤΕΣΙΟΥ	Kourtesi
ΚΟΥΣΤΟΧΩΡΙ	
ΚΟΥΤΟΥΜΟΥΛΑ	
ΚΟΥΤΟΥΡΛΑΣ	Koutourla
ΚΟΥΤΣΙΟΝ	Koutsi
ΚΟΥΤΣΙΟΥ	Koutsi
ΚΟΥΤΣΟΝ	Koutso
ΚΡΑΛΙ	
ΚΡΑΝΕΑ ΤΥΡΝΑΒΟΥ	
ΚΡΑΝΙΑ ΕΛΑΣΣΟΝΑΣ	Krania Elassonos
ΚΡΑΣΙΟΝ	Krasi
ΚΡΕΝΤΗ ΚΕΡΑΣΟΧΩΡΙΟΥ	
ΚΡΗΝΙΔΑ (ΒΙΤΑΣΤΑ)	Krinida
ΚΡΙΝΙΑΝΟΙ	
ΚΡΟΚΟΒΑ	
ΚΡΥΟΝΕΡΙΟΝ ΚΑΛΑ	
ΚΡΥΟΝΕΡΙΟΝ ΚΟΡΙ	
ΚΥΠΑΡΙΣΣΙ ΙΣΤΙΑΙΑΣ	Kiparissi Istiea
ΚΥΠΑΡΙΣΣΙ ΨΑΧΝΩΝ	
ΚΥΠΑΡΙΣΣΙΟΝ ΦΘΙ	Kiparissi Fthiotida
ΚΩΜΙΑΚΗ	
ΚΩΝΣΤΑΝΤΙΝΑ ΜΟΝΑΣΤΗΡΑΚΙΟΥ	
ΚΩΤΙΛΙΟΝ	
ΚΩΤΤΑΣ	
ΚΩΤΥΛΙΟ	Kotyli Xanthi
Λ.ΑΙΔΗΨΟΥ	
Λ.ΜΥΛΟΙ	
ΛΑΓΓΑΔΑΚΙ	
ΛΑΓΓΑΔΙ ΑΝΘΗΡΟΥ	
ΛΑΓΓΕΡΗ	
ΛΑΓΟΡΑΧΗ	
ΛΑΔΟΧΩΡΙ	
ΛΑΚΚΙ ΜΕΝΕΤΤΕΣ	
ΛΑΜΠΕΡΟΝ	Lampero
ΛΑΝΘΙΟΝ	Lanthi
ΛΑΝΤΖΟΙΟΝ	
ΛΑΤΖΟΪ	
ΛΑΤΤΑ	
ΛΑΦΙΩΝΑ	
ΛΑΦΥΣΤΙΟ	Lafisti
ΛΑΦΥΣΤΙΟΝ	Lafisti
ΛΕΙΑΝΟΒΕΡΓΙ	Lianovergi
ΛΕΙΑΝΟΒΕΡΓΙΟΝ	Lianovergi
ΛΕΙΑΝΟΚΛΑΔΙΟΝ	Leianokladi
ΛΕΙΒ ΝΑΟΥΣΑΣ	
ΛΕΙΒΑΡΤΖΙΟΝ	Livartzi Kalavryta
ΛΕΙΨΥΔΡΙΟΝ	
ΛΕΝΙΚΑ	
ΛΕΟΝΤΑΡΙΟΝ	Leontari Arcadia
ΛΕΟΝΤΑΡΙΟΝ ΒΟΙΩ	Leontari Boeotia
ΛΕΟΝΤΙΟΝ	
ΛΕΟΝΤΙΟΝ ΚΟΡΙΝΘ	
ΛΕΠΤΟΚΑΡΥΩΝ	Leptokarya
ΛΕΣΙΝΙΟΝ	Lesini
ΛΕΣΣΑΤΑ	
ΛΕΥΚΑΙ	Lefkes Paros
ΛΕΥΚΟΡΙΟΝ	
ΛΕΥΚΟΣ ΜΕΣΟΧΩΡΙΟΥ	Lefkos Karpathos
ΛΕΥΚΟΧΩΡΙΟΝ ΓΟΡ	
ΛΕΥΚΟΧΩΡΙΟΝ ΗΛΕ	
ΛΕΩΝΙΔΙ	Leonidio
ΛΙΑΝΗ ΑΜΜΟΣ	
ΛΙΑΝΟΚΛΑΔΙ	Leianokladi
ΛΙΒΑΔΙΟΝ	Livadi
ΛΙΒΑΔΟΣΤΡΑ	
ΛΙΒΑΡΤΖΙΟΝ	Livartzi
ΛΙΒΙΑΧΩΒΟ	
ΛΙΔΟΡΙΚΙ	Lidoriki Dorida
ΛΙΔΟΡΙΚΙΟΝ	Lidoriki Dorida
ΛΙΘΙΟΝ	Lithi Chios
ΛΙΜΗΝ ΧΕΡΣΟΝΗΣΟ	Limin Ieraka
ΛΙΠΑΡΟΝ	Liparo
ΛΙΧΑΣ	
ΛΙΩΝΑ	
ΛΟΓΓΙΔΙΑ	
ΛΟΓΓΙΕΣ ΜΑΥΡΟΜΑΤΑΣ	Loggies mavromatas
ΛΟΓΓΙΤΣΙ ΚΑΡΠΕΝΗΣΙΟΥ	
ΛΟΓΚΑΝΙΚΟ	
ΛΟΥΒΡΟΣ	Louvro
ΛΟΥΚΙΣΙΑ	
ΛΟΥΡΑΙ	Loures Heraklion
ΛΟΥΡΔΑΣ	
ΛΟΥΤΡΑ ΘΕΡΜΩΝ	Loutra Thermo
ΛΟΥΤΡΑ ΚΑΙΤΣΑΣ	
ΛΟΥΤΣΟΙ	
ΛΟΦΑΡΙΟ	Lofari
ΛΥΓΕΡΕΑ	
ΛΥΚΑΙΟΝ	Lykaio
ΛΥΚΟΤΡΑΦΟ	
ΛΥΚΟΤΡΙΧΙ	
ΛΥΚΟΦΗ	
ΛΥΚΟΧΩΡΟΣ	
Μ .ΕΥΥΔΡΙΟ	Megalo Efidrio
Μ ΠΟΝΤΙΑ	Νεκροταφείο Μέγα Ποντιά
Μ. ΣΑΝΤΑ	
Μ.ΑΥΛΑΚΙ	
Μ.ΒΕΛΑΝΙΔΙΑ	
Μ.ΜΟΝΑΣΤΗΡΙ	Megalo Monastiri
Μ.ΜΟΝΑΣΤΗΡΙΟΝ	Megalo Monastiri
Μ.ΠΟΝΤΙΑΣ	
Μ.ΧΩΡΑΣ	
Μ.ΧΩΡΑΣ 2	
ΜΑΓΙΚΟΝ	Magiko
ΜΑΓΟΥΛΑ ΜΑΝΤΙΝΕ	
ΜΑΙΝΑΛΟΝ	Mainalo
ΜΑΚΡΥΡΡΑΧΗ ΚΑΡΔ	
ΜΑΛΑΚΙΟΝ	Malaki
ΜΑΛΑΚΩΝΤΑΣ	
ΜΑΛΑΝΔΡΕΝΙΟΥ	Malantreni
ΜΑΛΑΣΟΒΑ	
ΜΑΛΩΝ	
ΜΑΛΩΝΑ	Malonas Rodos
ΜΑΜΑΚΑ ΑΡΚΙΤΣΑΣ	
ΜΑΝΑΣΣΗ	
ΜΑΝΔΑΛΟΝ	Mandalo
ΜΑΝΙΑΚΙΟΝ	Maniaki
ΜΑΝΩΛΑ ΘΗΡΑΣΙΑΣ	
ΜΑΡΑΘΟΥΣΑ	
ΜΑΡΓΑΡΙΤΑΙ	Margarites
ΜΑΡΓΑΡΙΤΙΟΝ	Margariti
ΜΑΡΓΑΡΩΝΑ	
ΜΑΡΙΝΙ	
ΜΑΡΙΟΛΑΤΑΣ	
ΜΑΡΜΑΡΙΟΝ	Marmari
ΜΑΡΟΥΔΙΟΝ	Maroudi
ΜΑΣΤΡΟΝ	Mastro
ΜΑΤΙΟΝ	Mati Korinthia
ΜΑΤΟΝΕΡΙΟΥ	Matoneri
ΜΑΥΡΟ ΜΑΝΔΑΛΟ	
ΜΑΥΡΟΚΛΗΣΙ	
ΜΑΥΡΟΛΙΘΟΣ	
ΜΑΥΡΟΛΟΦΟΝ	Mavrolofos
ΜΑΥΡΟΜΑΤΑ	
ΜΑΥΡΟΜΑΤΙ ΑΛΙΑΡΤΟΥ	Mavrommati Aliartos
ΜΑΥΡΟΜΜΑΤΙΟΝ ΒΟ	
ΜΕΓ. ΓΑΡΔΙΚΙΟΝ	
ΜΕΓ. ΓΟΤΙΣΤΑ	Megali Gotista Ioannina
ΜΕΓ. ΧΩΡΙΟΝ ΤΗΛ	
ΜΕΓ.ΒΑΛΤΟΣ	Megalos Valtos
ΜΕΓ.ΒΡΥΣ	Megali Vrisi Iraklio
ΜΕΓ.ΒΡΥΣΗ	Megali Vrisi Iraklio
ΜΕΓ.ΔΟΞΙΠΑΡΑ	Megali Doxipara
ΜΕΓ.ΔΟΥΚΑΤΟ	
ΜΕΓ.ΚΑΛΥΒΙΑ	Megala Kalyvia
ΜΕΓ.ΚΕΡΑΣΕΑ	Megali Kerasia
ΜΕΓ.ΚΕΡΑΣΕΑΣ	Megali Kerasia
ΜΕΓ.ΚΕΦΑΛΟΒΡΥΣΟ	Megalo Kefalovriso
ΜΕΓ.ΚΡΑΝΟΒΟΥΝΙΟ	
ΜΕΓ.ΜΟΝΑΣΤΗΡΙΟΝ	Megalo Monastiri
ΜΕΓ.ΠΑΝΑΓΙΑ	Megali Panagia
ΜΕΓ.ΣΕΙΡΗΝΙΟΝ	Megalo Seirini
ΜΕΓ.ΣΤΕΡΝΑ	Megali Sterna
ΜΕΓ.ΧΩΡΙΟ	Megalo Chorio
ΜΕΓΑΛΟΧΩΡΙΟΝ ΘΗ	
ΜΕΛΙΔΟΝΙΟΝ ΡΕΘΥ	Melidoni Rethimno
ΜΕΛΙΣΟΚΟΜΕΙΟΝ	Melissokomio
ΜΕΛΙΣΣΙ ΞΥΛΟΚΑΣΤΡΟΥ	Melissi Xilokastro
ΜΕΛΙΣΣΟΧ	
ΜΕΛΙΣΣΟΧΩΡΙΟΝ Β	
ΜΕΛΙΣΣΟΧΩΡΙΟΝ Λ	
ΜΕΛΙΣΣΟΧΩΡΙΟΝ ΛΑΡΙΣ	Melissochori Larisa
ΜΕΝΙΔΙΟΝ	Menidi
ΜΕΝΤΟΥΛΙ	
ΜΕΣ.ΤΡΙΚΑΛΑ	
ΜΕΣΑ ΔΙΔΥΜΑΣ	Mesa Didima Chios
ΜΕΣΑΙΑ ΤΡΙΚΑΛΑ	
ΜΕΣΑΙΟΝ	Mesaio
ΜΕΣΑΡΙΣΤΑΣ	Mesarista
ΜΕΣΗΜΕΡΙΟΝ	Mesimeri
ΜΕΣΗΜΕΡΙΟΥ	
ΜΕΣΙΝΟΝ	Mesino Korinthia
ΜΕΣΟΒΟΥΝΙΟΝ	Mesovouni
ΜΕΣΟΓΕΙΑ	
ΜΕΣΟΛΟΓΓΙΟΝ	Missolonghi
ΜΕΣΟΥΝΗ	
ΜΕΣΟΧΩΡΙ ΚΛΕΙΣΤΟΥ	
ΜΕΣΟΧΩΡΙΟ	Mesochori Larisa
ΜΕΣΣΑΡΙΑ	Messarias Athens
ΜΕΣΣΑΡΙΑ ΘΗΡΑΣ	
ΜΕΣΤΩΝ	
ΜΕΣΩ ΒΟΛΙΜΕΣ	
ΜΕΤΑΓΓΙΤΣΙ	
ΜΕΤΑΓΚΙΤΣΙΟΝ	
ΜΕΤΟΧΙ ΔΙΡΦΥΩΝ	
ΜΕΤΟΧΙΟΝ	Metochi Kimi
ΜΕΤΟΧΙΟΝ ΔΙΡΦΥΩ	
ΜΕΤΟΧΙΟΝ ΠΡΟΔΡΟ	
ΜΗΛΕΑ (ΖΑΧΑΡΩΣ)	
ΜΗΛΕΑ ΦΙΛΙΑΤΩΝ	
ΜΗΛΙΑ ΜΕΤΣΟΒΟΥ	Milea Metsovo
ΜΗΛΙΑ ΝΕΣΤΑΝΗΣ	
ΜΗΛΙΑΔΙ	
ΜΗΛΙΕΣ ΖΑΧΑΡΩΣ	
ΜΗΤΡΟΠΟΛΙΣ	Mitropoli Karditsa
ΜΙΚ. ΓΟΤΙΣΤΑ	Mikri Gotista Metsovo
ΜΙΚ. ΠΕΡΙΣΤΕΡΙΟ	Mikro Peristeri Metsovo
ΜΙΚ.ΒΑΛΤΟΣ	Mikros Valtos Korinthia
ΜΙΚ.ΔΕΡΕΙΟ	Mikro Dereio Evros
ΜΙΚ.ΚΡΑΝΟΒΟΥΝΙΟ	Mikro Kranovouni Rodopi
ΜΙΚ.ΜΑΝΤΙΝΕΙΑ	Mikri Mantineia Messenia
ΜΙΚ.ΠΑΛΛΑΔΙΟ	Mikro Palladio Rodopi
ΜΙΚ.ΠΙΣΤΟ	Mikro Pisto Rodopi
ΜΙΚ.ΤΥΜΠΑΝΟ	Mikro Timpano Xanthi
ΜΙΚΡΟΛΙΜΝΗΣ	Mikrolimni
ΜΙΚΡΟΠΟΛΙΣ	Mikropoli
ΜΙΤΟΠΟΛΙΣ	
ΜΙΧΟΙ	
ΜΙΧΟΙΟΝ	Michio Achaia
ΜΟΔΙΟΝ	Modi Fthiotida
ΜΟΙΡΑΙ	Mires Iraklio
ΜΟΛΥΒΔΟΣΚΕΠΑΣΤΟ	
ΜΟΝΑΣΤΗΡΙΟΝ ΜΕΣ	
ΜΟΝΟΔΡΥ	Monodrio Evia
ΜΟΝΟΔΡΥΟΝ	Monodrio Evia
ΜΟΡΙΑΣ	Moria Lesvos
ΜΟΡΦΑΤΙ	
ΜΟΣΧΟΧΩΡΙΟΝ ΦΘΙ	Moschochori Fthiotida
ΜΟΥΔΡΟ	
ΜΟΥΛΚΙΟΝ	Moulki Korinthia
ΜΟΥΡΙΚΙΟΝ	Mouriki Viotia
ΜΟΥΡΤΙΑΣ	Mirtia Lakonia
ΜΠΙΣΧΙΝΟΚΑΜΠΟΣ	
ΜΠΟΖΙΚΑ	
ΜΠΟΝΤΑΙΙΚΑ	Mponteika Achaia
ΜΠΟΥΛΙΑΡΙ	
ΜΥΚΗΝΑΙ	Mykines
ΜΥΡΙΝΗ	
ΜΥΡΙΟΦΥΤΟΝ	Miriofito Kilkis
ΜΥΡΤΕΑ	Myrtia Heraklion
ΜΥΡΤΙΔΙΑ	
ΜΥΣΤΕΓΝΑ	
ΜΩΡΑΙΤΙΚΑ	
Ν.ΑΒΩΡΑΝΗΣ	Neas Avoranis Agrinio
Ν.ΑΓ.ΑΘΑΝΑΣΙΟΣ	Neos Agios Athanasios Pella
Ν.ΑΓΑΘΟΥΠΟΛΗ	Nea Agathoupoli Pieria
Ν.ΑΓΑΘΟΥΠΟΛΙΣ	Nea Agathoupoli Pieria
Ν.ΑΓΙΟΝΕΡΙΟΝ	Neo Agioneri Kilkis
Ν.ΑΓΧΙΑΛΟΣ	Nea Anchialos Thessaly
Ν.ΑΔΡΙΑΝΗ	
Ν.ΑΛΙΚΑΡΝΑΣΣΟΣ	Nea Alikarnassos Heraklion
Ν.ΑΠΟΛΛΩ	Nea Apollonia Thessaloniki
Ν.ΑΠΟΛΛΩΝΙΑ	Nea Apollonia Thessaloniki
Ν.ΑΡΤΑΚΗ	Nea Artaki Euboea
Ν.ΒΡΑΣΝΑ	Nea Vrasna Thessaloniki
Ν.ΒΡΥΣΟΥΛΕΣ	Nees Vrisoules Korinthia
Ν.ΒΥΣΣΑ	Nea Vyssa Evros
Ν.ΓΥΝΑΙΚΟΚΑΣΤΡΟ	Neo Ginekokastro Kilkis
Ν.ΔΡΟΜΟΥ	
Ν.ΕΚΚΛΗΣΟΥΛΑ	Nea Ekklisoula Arcadia
Ν.ΕΠΙΒΑΤΑΙ	Neoi Epivates Thessaloniki
Ν.ΕΠΙΒΑΤΕΣ	Neoi Epivates Thessaloniki
Ν.ΕΠΙΒΑΤΩΝ	Neoi Epivates Thessaloniki
Ν.ΕΡΑΣΜΙΟΝ	Neo Erasmio Xanthi
Ν.ΕΡΙΝΕΟΣ	Neos Erineos Achaia
Ν.ΕΦΕΣΟΣ	Nea Efesos Pieria
Ν.ΕΦΕΣΣΟΣ	Nea Efesos Pieria
Ν.ΖΙΧΝΗ	Nea Zichni Serres
Ν.ΗΡΑΙΟΝ	Neo Ireo Argolida
Ν.ΗΡΑΚΛΙΤΣΑ	Nea Iraklitsa Kavala
Ν.ΙΚΟΝΙΟ	Neo Ikonio Karditsa
Ν.ΚΑΙΣΑΡΕΙΑ	
Ν.ΚΑΛΛΙΣΤΗ	Nea Kallisti Rodopi
Ν.ΚΑΡΒΑΛΗ	Nea Karvali Kavala
Ν.ΚΑΡΥΑ	Nea Karia Kavala
Ν.ΚΑΥΚΑΣΟΣ	Neos Kafkasos Florina
Ν.ΚΑΥΚΑΣΟΥ	
Ν.ΚΕΡΑΜΙΔΙ	Neo Keramidi Pieria
Ν.ΚΕΡΑΣΙΑ	Nea Kerasia Thessaloniki
Ν.ΚΕΡΔΥΛΙΑ	Nea Kerdilia Serres
Ν.ΚΕΣΣΑΝΗ	Nea Kessani Xanthi
Ν.ΚΙΟΣ	Nea Kios Argolis
Ν.ΚΟΜΠΗΓΑΔΙΟΝ	Neo Kompigadi Achaia
Ν.ΚΟΥΤΑΛΗ	Nea Koutali Lemnos
Ν.ΛΑΜΨΑΚΟΣ	Nea Lampsakos Evia
Ν.ΛΕΥΚΗ	Nea Lefki Larisa
Ν.ΛΥΚΟΓΙΑΝΝΗ	Nea Likogianni Imathia
Ν.ΜΑΓΝΗΣ	ΝΕΑ ΜΑΓΝΗΣΙΑ, Ελλάδα
ΝΕΑ ΜΑΓΝΗΣΙ	ΝΕΑ ΜΑΓΝΗΣΙΑ, Ελλάδα
Ν.ΜΑΚΡΙΣΗ	Nea Makrisi Fthiotida
Ν.ΜΑΛΓΑΡΑ	Nea Malgara Thessaloniki
Ν.ΜΑΝΩΛΑΔΑ	Nea Manolada Elis
Ν.ΜΑΡΜΑΡΑΣ	Neos Marmaras Halkidiki
Ν.ΜΕΣΗΜΒΡΙΑ	Nea Mesimvria Thessaloniki
Ν.ΜΕΣΟΛΑΚΚΙΑ	Nea Mesolakkia Serres
Ν.ΜΗΧΑΝΙ	
Ν.ΜΗΧΑΝΙΩΝΑ	Nea Michaniona Thessaloniki
Ν.ΜΗΧΑΝΙΩΝΑΣ	Nea Michaniona Thessaloniki
Ν.ΜΙΚΡΟ ΧΩΡΙΟ	Neo Mikro Chorio Evritania
Ν.ΜΠΑΦΡΑ	Nea Mpafra Serres
Ν.ΜΥΛΟΤΟΠΟΣ	Neos Milotopos Pella
Ν.ΝΙΚΟΜΗΔΕΙΑ	Nea Nikomidia Imathia
Ν.ΝΙΚΟΠΟΛΗ	Nea Nikopoli Kozani
Ν.ΠΑΓΑΣΑΙ	Nees Pagases Magnisia
Ν.ΠΑΓΩΝΤΑΣ	Neos Pagontas Evia
Ν.ΠΕΡΑΜΟΣ	Nea Peramos Attica
Ν.ΠΕΡΙΒΟΛΙ	Neo Perivoli Larisa
Ν.ΠΕΡΙΒΟΛΙΟΝ	Neo Perivoli Larisa
Ν.ΠΕΤΡΑ	Nea Petra Serres
Ν.ΠΟΡΟΙ	Nei Pori Pieria
Ν.ΠΟΤΕΙΔΑΙΑ	Nea Poteidaia Halkidiki
Ν.ΠΟΤΙΔΕΑ	Nea Poteidaia Halkidiki
Ν.ΠΡΟΔΡΟΜΟΣ	Neos Prodromos Imathia
Ν.ΡΑΙΔΕΣΤΟΥ	
Ν.ΡΟΔΑ	Nea Roda Halkidiki
Ν.ΡΟΕΙΝΟΝ	Neo Roino Argolida
Ν.ΡΥΣΙΟΥ	
Ν.ΣΕΛΕΥΚΕΙΑ	Nea Selefkia Thesprotia
Ν.ΣΙΔΗΡΟΧΩΡΙΟ	Neo Sidirochori Komotini
Ν.ΣΙΔΗΡΟΧΩΡΙΟΝ	Neo Sidirochori Komotini
Ν.ΣΙΝΑΣΣΟΣ	Nea Sinasos Euboea
Ν.ΣΙΝΩΠΗ	Nea Sinopi Preveza
Ν.ΣΚΙΩΝΗ	Nea Skioni Halkidiki
Ν.ΣΚΟΠΟΣ	Neos Skopos Serres
Ν.ΣΟΥΛΙ	Neo Souli Serres
Ν.ΣΟΥΛΙΟΝ	Neo Souli Serres
Ν.ΣΤΥΡΑ	Nea Stira Evia
Ν.ΣΥΛΑΤΑ	Nea Silata Chalkidiki
Ν.ΣΦΗΝΩΤΟΝ	Neo Sfinoto Preveza
Ν.ΤΕΝΕΔΟΣ	Nea Tenedos Chalkidiki
Ν.ΤΙΡΥΝΣ	
Ν.ΤΡΑΠΕΖΟΥΝΤΑ	Nea Trapezounta Pieria
Ν.ΤΡΑΠΕΖΟΥΣ	Nea Trapezounta Pieria
Ν.ΤΥΡΟΛΟΗ	Nea Tiroloi Serres
Ν.ΦΙΓΑΛΕΙΑ	Nea Figaleia Zacharo
Ν.ΦΩΚΑΙΑ	Nea Fokea Chalkidiki
Ν.ΧΑΛΕΠΗ	
Ν.ΧΑΡΑΥΓΗ	Nea Charavgi Kozani
Ν.ΧΕΙΜΩΝΙΟΝ	Neo Cheimonio Evros
Ν.ΧΩΡΑ	Nea Chora Arkadia
ΝΑΥΠΛΙΕΩΝ	
ΝΕΑ  ΧΡΥΣΑ	
ΝΕΑΙ ΠΑΓΑΣΑΙ	Nees Pagases Magnisia
ΝΕΟΝ ΧΩΡΙΟΝ ΑΠΟ	
ΝΕΟΧΩΡΙ  ΛΥΚ.	
ΝΕΟΧΩΡΙ ΔΟΜΟΚΟΥ	
ΝΕΟΧΩΡΙ ΘΕΣΠΡΩΤ.	Neochori Thesprotia
ΝΕΟΧΩΡΙ ΙΘΩΜΗΣ	
ΝΕΟΧΩΡΙ ΛΕΥΚΤΡΟΥ	Neochori Lefktro
ΝΕΟΧΩΡΙ ΛΥΚΟΣΟΥΡΑΣ	
ΝΕΟΧΩΡΙ ΝΑΥΠ	
ΝΕΟΧΩΡΙΟ ΑΡΙΣΤΟΜΕΝΗ	
ΝΕΟΧΩΡΙΟ ΙΘΩΜΗΣ	
ΝΕΟΧΩΡΙΟΜ ΦΑΛΑΙ	
ΝΕΟΧΩΡΙΟΝ ΓΟΡΤΥ	Neochori Gortynia
ΝΕΟΧΩΡΙΟΝ ΔΟΜΟΚ	
ΝΕΟΧΩΡΙΟΝ ΘΕΣΠΙ	
ΝΕΟΧΩΡΙΟΝ ΘΕΣΠΡ	Neochori Thesprotia
ΝΕΟΧΩΡΙΟΝ ΚΑΡΔΙ	Neochori Karditsa
ΝΕΟΧΩΡΙΟΝ ΜΑΝΤΙ	
ΝΕΟΧΩΡΙΟΝ ΜΥΡΤΟ	
ΝΕΟΧΩΡΙΟΝ ΟΛΥΜΠ	
ΝΕΟΧΩΡΟΥ	
ΝΕΣΤΟΡΙΟΝ	Nestorio
ΝΕΥΡ/ΠΙ	
ΝΕΩΧΩΡΙ ΖΑΧΑΡΩΣ	Neochori Zacharo
ΝΗΜΠΟΡΙΟ	
ΝΗΣΕΛΙ	
ΝΗΣΙ ΤΡΙΚΕΡΙ	Trikeri Nisi
ΝΗΣΙ-ΑΓ ΠΑΡΑΣΚΕΥΗ	Agia Paraskevi Kerkira
ΝΙΘΑΥΡΙΣ	Nithafri Rethimno
ΝΙΚΑΣΙ	
ΝΙΚΟΛΙΤΣΙΟΥ	
ΝΙΟΚΑΣΤΡΟ	
ΝΙΟΧΩΡΙΟ Α	
ΝΙΟΧΩΡΙΟ ΑΠ	
ΝΜ.ΜΗΛΙΑ	
ΝΟΜΙΤΣΙ	
ΝΟΣΤΙΜΟΝ	Nostimo Kastoria
ΝΤΟΜΑΤΑ	
Ξ.ΝΕΡΟ	Xino Nero Florina
ΞΑΜΟΥ/ΡΙ	
ΞΗΡΟΚΑΜΠΟΣ ΚΡΥΟΠΗΓΗΣ	
ΞΗΡΟΚΑΡΥΤΑΙΝΑ	
ΞΗΡΟΠΟΤΑ	
ΞΥΛΟΠΟΛΙΣ	Xylopoli Thessaloniki
ΞΥΛΟΥΠΟΛΙΣ	
ΞΥΝΟΝΕΡΙ	
ΞΥΝΟΝΕΡΙΟ	
ΟΙΝΟΥΣΑ	Inousa Serres
ΟΙΝΟΥΣΣΑΙ	Inousses Chios
ΟΛΒΙΟΝ	Olvio Xanthi
ΟΛΥΜΠΩΝ	
ΟΡ. ΑΜΥΝΤΑΙΟΥ	
ΟΡ.ΑΝΑΡΓΥΡΩΝ	
ΟΡ.ΚΑΡΔΙΑΣ	
ΟΡ.ΝΟΤ.ΠΕΔΙΟΥ	
ΟΡΕΣΤΙΑΣ	Orestias Evros
ΟΡΙΟΝ	Orio Evia
ΟΡΜΟΣ ΙΟΥ	
ΟΡΥΧΕΙΑ	
ΟΡΦΑΝΙ	
ΟΡΦΑΝΙO	
ΟΡΦΑΝΙΟΝ	
ΟΡΧΟΜΕΝΟ	
ΟΣΜΑΕΣ	
ΟΣΥΤΕ	
ΟΧΘΩΝΙΑ	
Π. ΛΥΚΟΓΙΑΝΝΗ	Palea Likogianni Imathia
Π. ΜΑΝΩΛΑΔΑ	
Π. ΠΛΑΤΑΝΟΥ	
Π. ΣΚΥΛΙΤΣΙ	
Π.ΑΓΙΟΝΕΡΙΟΝ	Paleo Agioneri Kilkis
Π.ΕΛΕΥΘΕΡΟΧΩΡΙ	Palaio Eleftherochori Pieria
Π.ΕΛΕΥΘΕΡΟΧΩΡΙΟ	Palaio Eleftherochori Pieria
Π.ΘΕΡΜΗΣ	
Π.ΚΕΡΑΜΙΔΙ	Palaio Keramidi Pieria
Π.ΚΕΡΑΜΙΔΙΟΝ	Palaio Keramidi Pieria
Π.ΛΥΚΟΓΙΑΝΝΗ	Palea Likogianni Imathia
Π.ΜΑΝΩΛΑΔΑ	
Π.ΜΥΛΟΤΟΠΟΣ	Paleos Milotopos Pella
Π.ΠΑΝΤΕΛΕΗΜΩΝ	Palaios Panteleimonas Pieria
Π.ΣΚΥΛΙΤΣΙ	Paleo Skillitsi Imathia
Π.ΣΚΥΛΛΙΤΣΙΟΝ	Paleo Skillitsi Imathia
ΠΑΓΚΡΑΤΙΟΝ	Pangrati Athens
ΠΑΛ.ΓΙΑΝΝΙΤΣΟΥ	Palea Giannitsou
ΠΑΛ.ΠΑΝΤΕΛΕΗΜΩΝ	Palaios Panteleimonas Pieria
ΠΑΛ/ΚΑΡΥΑΣ	Paleokaria Etoloakarnania
ΠΑΛΑΙΑ ΜΑΝΩΛΑΔΑ	
ΠΑΛΑΙΟΚ/ΤΡΟ	
ΠΑΛΑΙΟΚΑΣΤΡΟΝ	Paleokastro Kozani
ΠΑΛΑΙΟΚΑΣΤΡΟΝ Λ	Paleokastro Larisa
ΠΑΛΑΙΟΚΑΣΤΡΟΝ Σ	Paleokastro Samos
ΠΑΛΑΙΟΚΑΣΤΡΟΝ Φ	
ΠΑΛΑΙΟΜ/ΝΑΣ	
ΠΑΛΑΙΟΠΥΡΓΟΣ ΛΑ	Paleopirgos Larisa
ΠΑΛΑΙΟΧ. ΜΠΟΤΣΑ	
ΠΑΛΑΙΟΧ.ΓΑΡΔ	
ΠΑΛΑΙΟΧΩΡΙ ΨΙΑΝΩΝ ΕΥΡΥΤΑΝΙΑΣ	Paleochori Domnista Evritania
ΠΑΛΑΙΟΧΩΡΙΟΝ ΔΩ	
ΠΑΛΑΙΟΧΩΡΙΟΝ ΗΛ	Palaiochori Elis
ΠΑΛΑΙΟΧΩΡΙΟΝ ΚΥ	Paleochori Notia Kinouria
ΠΑΛΑΜΑΣ ΔΟΜΟΚΟΥ	Palamas Domokos
ΠΑΛΗΟ	
ΠΑΛΙΟΜΟΙΡΙ	
ΠΑΛΙΟΣ ΖΥΓΟΣ	
ΠΑΛΙΟΥΡΙ  ΔΙΜΗΝΙΟΥ	
ΠΑΝ.ΚΑΛΑΜΙΩΤΙΣΣΑ	Panagia Kalamiotissa Viotia
ΠΑΝΑΓΙΑ ΜΟΝΟΦ.	
ΠΑΝΑΓΙΤΣΑ ΦΘΙΩΤ	Panagitsa Fthiotida
ΠΑΝΑΚΤΟΣ	Panakto Viotia
ΠΑΝΑΡΙΤΗΣ	Panariti Argolida
ΠΑΝΑΡΙΤΙΟΥ	
ΠΑΝΟΠΟΥΛΟ	Panopoulos Ilia
ΠΑΝΤΑΝ/ΣΑΣ	
ΠΑΝΤΟΚΡΑΤΟΡΑΣ	
ΠΑΞΙΜΑΔΑ	
ΠΑΠΑΔΑΤΕΣ	
ΠΑΠΑΔΆΤΕΣ	
ΠΑΠΑΔΑΤΟ	
ΠΑΠΑΔΑΤΟΣ	
ΠΑΠΑΔΟΣ	
ΠΑΠΑΡΗ	
ΠΑΠΑΡΙ	
ΠΑΠΙΓΚΟ ΚΟΝΤΣΑΣ	Papingo Ioannina
ΠΑΠΠΑΔΑΤΑΙ	Pappadates Preveza
ΠΑΡ ΠΑΝΟΡΜΟΥ	
ΠΑΡ.ΑΥΛΙΔΟΣ	Paralia Avlidos Evia
ΠΑΡΑΔΕΙΣΙΟΝ	Paradeisi Rhodes
ΠΑΡΑΛ.ΑΣΤΡΟΥΣ	
ΠΑΡΑΛΙΑ ΑΛΜΥΡΟΠΟΤΑΜΟΥ	
ΠΑΡΑΛΙΑ ΕΛΛΗΝΙΚΩΝ	
ΠΑΡΘΕΝΙΟΝ	Partheni Thessaloniki
ΠΑΣΙΟΝ	
ΠΑΤΡΙΚΙΟΝ	
ΠΑΤΡΙΚΩΝ	
ΠΑΥΛΙΑΣ	Pavlia Arcadia
ΠΑΥΛΟ	
ΠΕΔΙΝΟΝ	Pedino Kilkis
ΠΕΛΑΤΕΣ Μ.Τ	
ΠΕΝΤΑΚ/ΡΦΟ	Pentakorfo Etoloakarnania
ΠΕΝΤΑΠΛΑΤΑΝΟΣ	
ΠΕΡΒΟΛ ΚΥΔ	
ΠΕΡΔΙΚΟΝΕΡΙΟΝ Γ	Perdikoneri Gortynia
ΠΕΡΘΩΡΙ	Perthorio Arkadia
ΠΕΡΘΩΡΙΟΝ ΜΑΝΤΙ	
ΠΕΡΙΒΛΕΠΤΟ ΜΑΚΡΑΚΩΜΗΣ	Perivlepto Makrakomi
ΠΕΡΙΒΟΛΑΚΙΟΝ	Perivolaki Thessaloniki
ΠΕΡΙΒΟΛΙ ΔΟΜΟΚΟΥ	
ΠΕΡΙΒΟΛΙΑ ΚΥΔΩΝ	
ΠΕΡΙΒΟΛΙΟΝ ΔΟΜΟ	
ΠΕΡΙΒΟΛΙΟΝ ΦΩΚΙ	Perivoli Fokida
ΠΕΡΙΘΩΡΙ	
ΠΕΡΙΘΏΡΙ	
ΠΕΡΙΘΩΡΙΟΝ	Perithorio Drama
ΠΕΡΙΘΩΡΙΟΝ ΑΙΓΙ	
ΠΕΡΙΞ ΣΕΡΡΩΝ	
ΠΕΡΙΟΝ	Peri Iraklio
ΠΕΡΙΣΣΑ ΕΜΠΟΡΕΙΟΥ	
ΠΕΡΠΑΤΑΡΙ	
ΠΕΣΣΑΔΑ	
ΠΕΤΡΙΑ	
ΠΕΤΡΙΝΑ ΜΕΓΑΛΟΠ	Petrina Megalopolis
ΠΕΤΡΙΟΝ	
ΠΕΤΡΙΤΣΙΟΝ	
ΠΕΤΡΟΚΕΡΑΣΩΝ	Petrokerasa Thessaloniki
ΠΕΤΡΟΠΟΡΟ	Petroporos Trikala
ΠΕΤΣΑΛΙΟΝ	Petsali Ioannina
ΠΕΥΚΑΙ	Pefkes Olympia
ΠΕΥΚΑΙ (ΒΥΛΙΖΑ)	
ΠΗΛΙ	
ΠΗΛΙΟΝ	Pelion Zagora
ΠΙΚΕΡΝΙ	
ΠΙΣΠΙΛΟΥΝΤΑΣ	Pispilounta Chios
ΠΙΤΣΙΝΕΙΚΑ	
ΠΙΤΣΙΟΝ	Pitsi Fthiotida
ΠΛ.ΠΕΡΑΜΑΤΑ	Platia Peramata Iraklio
ΠΛΑΓΙΑ ΠΑΞ	
ΠΛΑΓΙΑΡΙΟΥ	Plagiari Thessaloniki
ΠΛΑΚΑ ΑΠΟΚ	
ΠΛΑΚΑ ΚΛΕΙΤΟΡΙΑΣ	
ΠΛΑΝΗΤΕΡΟΥ	Planitero Kalavryta
ΠΛΑΤΑΜΩΝ	Platamonas Kavala
ΠΛΑΤΑΝΙΟΝ	Platani Patra
ΠΛΑΤΑΝΟΡΕΜΑ	
ΠΛΑΤΑΝΟΣ ΑΙΓΙΑΛ	Platanos Aigialeia
ΠΛΑΤΑΝΟΥΣΑ	
ΠΛΑΤΑΝΟΎΣΑ	
ΠΛΑΤΡΙΘΙΑ	
ΠΝΕΥΜΑΤΙΚΟΣ ΦΑΡΟΣ	
ΠΟΔΟΧΩΡΙΟΝ	Podochori Paggeo
ΠΟΙΜΕΝΙΚΟΝ	Poimeniko Evros
ΠΟΛΕΩΣ ΝΑΞΟΥ	
ΠΟΛΥΛΑΚΚΟΣ	Polylakko Kozani
ΠΟΛΥΝΕΡΙΟΝ	Polineri Thesprotia
ΠΟΛΥΠΟΤΑΜΟΥ	Polipotamo Florina
ΠΟΛΥΡΡΑΧΟΣ	Polyrracho Kozani
ΠΟΛΥΣΤΆΦΥΛΛΟ	
ΠΟΡΟΣ ΚΕΦΑΛΛΗΝ	
ΠΟΡΤΟ ΜΠΟΥΦΑΛΟ	
ΠΟΤΑΜ/ΛΑ Μ	
ΠΟΤΑΜ/ΛΑ Τ	
ΠΟΤΑΜΙΑ ΜΕΓΑΛΟΠ	Potamia Megalopolis
ΠΟΤΙΔΑΝΕΙΑ	
ΠΟΥΛΗΘΡΩΝ	
ΠΟΥΛΙΑΝΑ ΚΑΤΑΦΥΛΛΙΟΥ	
ΠΟΥΡΝΑΡΙΟΝ ΦΘΙΩ	Pournari Fthiotida
ΠΡΑΓΜΑΤΕΥΤΗ	Pragmateftis Arkadia
ΠΡΑΣΙΑΙ	Prasies Rethymno
ΠΡΑΣΙΝΟΝ ΓΟΡΤΥΝ	Prasino Gortynia
ΠΡΑΣΣΕΣ	
ΠΡΑΣΤΟΥ	Prastos Voria Kinouria
ΠΡΑΤΟΒΟΥΝΙ ΣΙΒΙΣΤΑΣ	Pratovouni Agrafa
ΠΡΙΝΙΑΣ ΜΑΛΕΒΥΖΙΟΥ	Prinias Heraklion
ΠΡΟΑΣΤΙΟΝ	Proastio Karditsa
ΠΡΟΔΡΟΜΙΟΝ	Prodromi Souli
ΠΡΟΔΡΟΜΟΣ (ΓΡΑΝΑΣ)	
ΠΡΟΣΒΟΡΟ	
ΠΡΟΣΗΛΙΟΝ	Prosilio Ioannina
ΠΡΟΣΟΤΣ.	
ΠΡΟΣΥΜΝΗ	
ΠΡΟΤΟΡΙΟΝ	
ΠΡΟΤΩΚΛΗΣΙ	
ΠΡΟΦ.ΗΛΙΑΣ	Profitis Ilias Iraklio
ΠΤΕΛΑΙΩΝ	
ΠΤΟΛΕΜΑΙ	
ΠΤΟΛΕΜΑΙΣ	
ΠΥΘΑΓΟΡΕΙΟΝ	Pythagoreio Samos
ΠΥΛΙΟΝ	Pelion Zagora
ΠΥΛΩΝ	Pilonas Rodos
ΠΥΛΩΝΑ	Pilonas Rodos
ΠΥΛΩΡΙ	
ΠΥΡΓΕΛΑΣ	
ΠΥΡΓΙΟΝ	Pirgi Chios
ΠΥΡΓΙΩΤΙΚΩΝ	Pirgiotika Nafplio
ΠΥΡΓΟΥ ΜΑΛΕΒΥΖΙΟΥ	Pirgou Iraklio
ΡΑΓΙΟΝ	Ragio Thesprotia
ΡΑΔΟΒΙΖΙΟΝ	Radovizi Ioannina
ΡΑΧΑΙ	Raches Elis
ΡΑΧΕΣ-ΠΑΡΑΛΙΑ	
ΡΑΧΙΑ	
ΡΑΨΩΜΑΝΙΚΙ	
ΡΑΨΩΜΜΑΤΗ	
ΡΕΓΓΙΝΙ	
ΡΕΓΚΙΝΙΟΝ	Regkini Fthiotida
ΡΕΘΙΟΝ	Rethi Korinthia
ΡΕΤΣΙΝΟΛΑΚΟΣ	
ΡΙΓΑΝΙΟΝ	Rigani Nafpaktia
ΡΙΖΑΙ	Rizes Tripoli
ΡΙΖΟ ΗΓΟΥΜΕΝΙΤΣΑΣ	
ΡΙΖΟΝ	Rizo Skidra
ΡΙΤΣΩΝΑ ΣΧΗΜ.	
ΡΙΤΣΩΝΑ ΧΑΛΚ.	Ritsona Chalcis
ΡΟΒΙΑΙ	Rovies Evia
ΡΟΒΟΛΙΑΡΙΟΝ	Rovoliari Fthiotida
ΡΟΔΟΒΑΝΙΟΝ	Rodovani Chania
ΡΟΔΟΤΟΠΙΟΝ	Rodotopi Ioannina
ΡΟΙΤΙΚΑ	
ΡΟΠΩΤΟ	Ropoto Trikala
ΡΟΥΣΕΙΚΑ	
ΡΟΥΣΟΠΟΥΛΙ	
ΡΟΥΣΣΟΝ	Rousso Karditsa
ΡΥΑΚΙΟ	Riaki Kozani
ΡΩΜΑΙΙΚΟΝ	Romeiko Livadeia
ΡΩΜΑΝΟΝ	Romano Lemnos
ΡΩΜΙΑ ΣΤΕΦΑΝΙΑΔΑΣ	Romia Karditsa
ΡΩΣΙ ΠΕΤΡΙΛΟΥ	
Σ.Σ ΑΓΓΙΣΤΑΣ	
Σ.Σ.ΑΓΚΙΣΤΑΣ	
Σ.Σ.ΙΩΑΝΝΙΔΗΣ	
Σ.Σ.ΛΕΥΚΟΘΕΑΣ	Sidirodromikos Stathmos Lefkotheas
ΣΑΝΤΑΜΕΡΙ	
ΣΑΠΑΙ	Sapes Rhodope
ΣΑΡΑΚΙΝΙΟΝ ΗΡΑΙ	
ΣΑΡΑΚΙΝΙΟΝ ΠΑΛΑ	
ΣΑΡΛΑΤΑ	
ΣΑΤΡΑΙ	Satres Xanthi
ΣΕΒΑΣΤΟΝ	Sevasto Thesprotia
ΣΕΛΕΡΟΝ	Selero Xanthi
ΣΕΛΙΝΟΝ	Selino Xanthi
ΣΕΛΛΙΟΝ	Sellio Achaia
ΣΕΝΙΚΟΝ	Seniko Ioannina
ΣΕΡΝΙΚΑΚΙΟΝ	
ΣΕΡΡΑΙ	Serres
ΣΙΑΝΝΑ	
ΣΙΒΑ ΜΑΛΕΒΥΖΙΟΥ	Siva Iraklio
ΣΙΔΕΡΑ	
ΣΙΔΗΡΟΚΑ	
ΣΙΔΗΡΩΝ	
ΣΙΜΙΑΔΕΣ ΜΑΝΤΙΝ	Simiades Mantinia
ΣΙΝΕΒΡΟΝ	Sinevro Achaia
ΣΙΣΑΙ	Sises Rethimno
ΣΙΤΑΙΝΑΣ	Sitena Arkadia
ΣΙΤΟΜΕΝΩΝ	Sitomena Agrinio
ΣΚΑΝΔΑΛΗ	
ΣΚΑΝΔΑΛΟΝ	Skandalo Souli
ΣΚΙΝΕΑ	
ΣΚΟΥΛΗΚΑΔΟΝ	Skoulikado Zakynthos
ΣΚΟΥΤΕΡΑΣ	Skoutera Agrinio
ΣΜΥΡΤΟΥΛΑ	
ΣΟΥΛΑΡΙΟΝ	Soulari Megalopolis
ΣΟΥΛΗΝΑΡΙΟΝ ΚΟΡ	Soulinari Corinthia
ΣΟΥΛΙΟΝ	
ΣΟΥΛΙΟΝ ΚΟΡΙΝΘΙ	Souli Korinthia
ΣΟΥΛΙΟΝ ΜΕΓΑΛΟΠ	Souli Megalopolis
ΣΟΥΡΩΤΗΣ	Souroti Thermi
ΣΟΥΤΣΙΝΙ	
ΣΠΑΘΑΡΑΙΟΙ(ΑΒΑΝΤΙ)	
ΣΠΑΘΑΡΑΙΟΙ(ΒΕΡΓΗ)	
ΣΠΑΘΑΡΑΙΟΙ(ΠΑΥΛΟΥ)	
ΣΠΑΘΑΡΑΙΟΙ(ΣΥΚΙΑ)	
ΣΠΑΘΑΡΙΟΝ	Spathari Euboea
ΣΠΑΡΤΟΝ	Sparto Amfilochia
ΣΠΑΡΤΟΣ	Sparto Amfilochia
ΣΠΗΛΑΙΟΝ	Spilaio Grevena
ΣΠΗΛΙΑ-ΚΝΩΣΟΣ	
ΣΠΟΛΑΙΤΑΣ	Spoleta Agrinio
ΣΡΑΝΤΟΒΡΥΣ.	
ΣΣ ΔΟΜΟΚΟΥ	Sidirodromikos Stathmos Domokou
ΣΣ ΛΙΑΝΟΚΛΑΔΙΟΥ	Sidirodromikos Stathmos Lianokladiou
ΣΣ ΜΠΡΑΛΟΥ	Sidirodromikos Stathmos Mpralou
ΣΤΑΔΙΟΝ	Stadio Tripoli
ΣΤΑΘΕΙΚΑ	
ΣΤΑΘΕΙΚΩΝ	
ΣΤΑΘΜΟΣ ΑΓΓΙΣΤΗ	Stathmos Aggistis Alistrati
ΣΤΑΘΜΟΣ ΛΕΥΚΟΘΕ	Stathmos Lefkotheas Alistrati
ΣΤΑΥΡΟΔΡΟΜΙΟΝ	Stavrodromi Erimanthos
ΣΤΑΥΡΟΔΡΟΜΙΟΝ Γ	
ΣΤΕΙΡΩΝΑΣ	
ΣΤΕΝΟΝ ΜΑΝΤΙΝΕΙ	
ΣΤΕΡΝΑ ΑΡΓΟΛΙΔΟ	
ΣΤΕΡΝΑΙ ΧΑΝΙΩΝ	Sternes Chania
ΣΤΕΦΑΝΙΟΝ	Stefani Korinthia
ΣΤΟΜΙΟ ΟΞΥΛΙΘΟΥ	
ΣΤΟΥΡΝΑΡΕΙΚΑ	
ΣΤΡΟΥΣΙΟΝ	Strousi Andravida
ΣΤΡΟΥΣΙΟΥ	
ΣΤΥΛΑΡΙΟ	Stilari Trifillia
ΣΤΥΛΟΣ ΑΠ	Stilos Apokoronos
ΣΥΓΓΕΡΙ ΡΑΠΤΟΠΟΥΛΟΥ	
ΣΥΓΚΡΕΛΛΟ	
ΣΥΚΕΑΙ	Sykies Thessaloniki
ΣΥΚΕΩΝΑ	
ΣΥΚΕΩΝΑΣ	
ΣΥΚΙΑΔΑΣ	Sikiada Chios
ΣΥΝΕΒΡΟ	
ΣΥΡΙΛΙΟΝ	
ΣΥΧΝΙΚΟ	
ΣΦΕΝΔΑΜΗ	
ΣΧΙΖΑΛΙ	
ΣΧΙΝΟΧΩΡΙΟΥ	Schinochori Koutsopodi
ΣΩΛΗΝΑΡΙΟΝ	Solinari Aliartos
ΣΩΤΗΡΙΟΝ	
ΤΑΞΙΑΡΧΑΙ	Taxiarchis Polygyros
ΤΕΙΧΙΟΝ	Tichio Efpalio
ΤΕΤΡΑΛΟΦΟΣ	Tetralofo Ellispontos
ΤΖΑΙΛΟ	
ΤΙΘΡΩΝΙΟ	
ΤΙΤΑΝΙ	
ΤΟΛΟΝ	Tolo Nafplio
ΤΟΥΜΠΙΤΣΙ	
ΤΟΥΡΚΟΛΕΚΑ	
ΤΡΑΓΑΝΟΝ	Tragano Elis
ΤΡΙΑΝΤΑΦΥΛΛΕΑΣ	ΤΡΙΑΝΤΑΦΥΛΛΑ Lagkadas
ΤΡΙΒΙΔΙ	
ΤΡΙΚΟΡΦΟ ΜΕΣΟΛΟΓΓΙΟΥ	
ΤΡΙΛΟΦΟΝ	Trilofo Veria
ΤΡΙΠΟΔΕΣ	
ΤΡΙΠΟΤΑΜΟΝ	Tripotamo Agrafa
ΤΡΙΧΩΝΙΟ	Trichoni Agrinio
ΤΡΙΧΩΝΙΟΥ	Trichoni Agrinio
ΤΡΟΙΖΗΝ	
ΤΡΥΓΩΝ	
ΤΡΥΓΩΝΑ	
ΤΡΥΠΩΝ	
ΤΡΥΦΟ	
ΤΣΑΓΓΑΡΙ	
ΤΣΑΓΚΑΡΑΚΙ ΜΕΤΟΧΗ	
ΤΣΑΚΑΡΙΣΙΑΝΟ	
ΤΣΕΛΕΠΑΚΟΥ	
ΤΣΙΚΑΛΑΡΙΟΥ	Τσικαλαριό Rethymno
ΤΣΟΥΚΑ	
ΤΣΟΥΚΑΛΕΙΚΑ	
ΤΣΟΥΤΣΟΥΡΑΣ	Tsoutsouros Arkalochori
ΤΥΡΟΣΑΠΟΥΝΑΚΕΙΚΩΝ	
ΤΥΧΕΡΟΝ	Tychero Soufli
Υ/Σ 26 ΠΟΛΙΧΝΙΤΟΥ	
ΥΠΑΤΟΝ	Ipato Thiva
ΥΦΑΝΤΑΙ	Ifantes Komotini
ΥΨΗΛΟΝ	Ipsilo Olympia
ΥΨΗΛΟΝ ΧΩΡΙΟΝ	Ipsilo Chorio Dorida
ΦΑΛΑΝΗ	
ΦΑΝΑΙ	Fanes Kamiros
ΦΑΝΑΡΙΟΝ	Fanari Komotini
ΦΑΝΟΣ ΓΛΥΦΑΣ	
ΦΑΡΑΓΓΙΑΝΑ	
ΦΑΡΑΓΓΙΟΝ	Faraggi Filotas
ΦΕΛΛΙΟΝ	Felli Grevena
ΦΕΡΡΑΙ	
ΦΙΛΑΔΕΛΦΕΙΟ	
ΦΙΛΙΑΤΑΙ	Filiates Thesprotia
ΦΙΛΟΤΙΟΝ	Filoti Naxos
ΦΙΛΥΡΟΝ	Filyro Chortiatis
ΦΙΝΟΚΑΛΙΑΣ	Finokalia Lasithi
ΦΙΧΤΙΟ	Fichti Mykines
ΦΙΧΤΙΟΝ	
ΦΙΧΤΙΟΥ	
ΦΛΑΜΠΟΥΡΕΣΙΟΥ	Flampouresi Kalabaka
ΦΟΙΝΙΚΙΟΝ	Finiki Monemvasia
ΦΟΙΝΙΚΟΥΣ	
ΦΡΑΓΚΟΝ	Fragko Karditsa
ΦΡΑΓΚΟΥΛΕΙΚΑ	
ΦΡΑΝΤΖΟΜΥΛΟΣ	
ΦΡΕΓΓΑΙΝΑ	
ΦΤΕΡΗ-ΜΗΛΙΑ	
ΦΤΕΡΝΟΝ	Fterno Lefkada
ΦΥΛΙΑΔΩΝ	Filiadona Domokos
ΦΥΛΛΟΝ	Fyllo Palamas
ΦΥΤΕΙΑΙ	Fyteies Xiromero
ΦΥΤΩΚΙ	
ΦΩΚΙΑΝΟΣ	
ΦΩΛΕΑ	Folia Kavala
ΦΩΤΕΙΝΟΝ	Foteino Kompoti
Χ. ΠΑΝΟΠΟΥΛΟΥ	
ΧΑΛΚΕΙΟΝ	Chalkio Naxos
ΧΑΛΚΕΙΟΥΣ	Chalkio Naxos
ΧΑΛΚΗΔΩΝ	Chalkidona Thessaloniki
ΧΑΛΚΙΟΠΟΥΛΟΙ Β	
ΧΑΛΚΙΟΠΟΥΛΟΙ Γ	
ΧΑΛΚΙΟΠΟΥΛΟΝ	Chalkiopoulo Argithea
ΧΑΡΑΚΙΟΝ	Charaki Rhodes
ΧΑΡΑΚΟΠΙΟ	Charakopi Ioannina
ΧΑΡΑΣΟΝ	Charaso Gouves
ΧΑΡΟΚΟΠΙ	
ΧΑΡΟΚΟΠΙΟΝ	
ΧΑΡΟΠΟΝ	Charopo Serres
ΧΑΡΩΠΟ	Charopo Serres
ΧΕΙΜΕΡΙΝΟΝ	Cheimerino Kozani
ΧΕΛΙΔΟΡΙ	
ΧΕΛΜΑΤΑ	
ΧΕΛΥΔΟΡΕΟΝ	Chelidoreo Korinthia
ΧΙΟΝΙΑΔΕΣ	
ΧΙΟΝΟΔΡΟΜΙΚΟ ΠΑΡΝΑΣΣΟΥ	
ΧΙΡΑΔΩΝ	
ΧΛΟΜΟΝ	Chlomo Atalanti
ΧΛΩΜΑΤΙΑΝΑ	Chlomatiana Corfu
ΧΛΩΜΟΣ	Chlomo Atalanti
ΧΛΩΜΟΤΙΑΝΑ	
ΧΟΥΜΕΡΙΑΚΟ	
ΧΡΙΣΟΒΑ ΣΙΒΙΣΤΑΣ	
ΧΡΙΣΤΙΑΝΟΙ	
ΧΡΥΣΑΝΘΙΟΝ	Chrysanthio Aigialeia
ΧΡΥΣΟΒΙΤΣΑ ΙΩΑΝ	Chrisovitsa Ioannina
ΧΡΥΣΟΚΕΛΑΡΙΑ	
ΧΡΥΣΟΚΕΦΑΛΟ	
ΧΩΝΙΚΑ	
ΧΩΡΑ ΙΟΥ	
ΧΩΡΑ ΦΟΛΕΓΑΝΔΡΟΥ	
ΧΩΣΙΑΡΙΟ	Chosiari Githio
ΧΩΣΙΑΡΙΟΝ	Chosiari Githio
ΧΩΤΟΥΣΑ	
ΨΑΘΟΧΩΡΑ	
ΨΑΡΙΟΝ ΓΟΡΤΥΝΙΑ	Psari Gortynia
ΨΥΧΙΚΟΝ	Psychiko Attica
ΨΩΦΙΣ	
ΩΛΕΝΑ	
ΩΡΑΙΟΚΑΣ	
ΩΡΑΙΟΝ	Oraio Xanthi
ΩΡΟΛΟΓΙΟΝ	Roloi Gorgolaini